shift_id,venue_id,shift_date,role,hours_worked,hourly_rate
1,1,2024-01-01,Bartender,8,12
2,1,2024-01-01,Server,6,11
3,1,2024-01-01,Chef,10,15
4,1,2024-01-02,Bartender,8,12
5,1,2024-01-02,Server,6,11
6,1,2024-01-02,Chef,9,15
7,1,2024-01-03,Bartender,8,12
8,1,2024-01-03,Server,10,11
9,1,2024-01-03,Chef,8,15
10,1,2024-01-04,Bartender,8,12
11,1,2024-01-04,Server,9,11
12,1,2024-01-04,Chef,9,15
13,1,2024-01-05,Bartender,8,12
14,1,2024-01-05,Server,6,11
15,1,2024-01-05,Chef,7,15
16,1,2024-01-06,Bartender,4,12
17,1,2024-01-06,Server,6,11
18,1,2024-01-06,Chef,8,15
19,1,2024-01-07,Bartender,7,12
20,1,2024-01-07,Server,7,11
21,1,2024-01-07,Chef,8,15
22,1,2024-01-08,Bartender,8,12
23,1,2024-01-08,Server,9,11
24,1,2024-01-08,Chef,10,15
25,1,2024-01-09,Bartender,8,12
26,1,2024-01-09,Server,8,11
27,1,2024-01-09,Chef,9,15
28,1,2024-01-10,Bartender,6,12
29,1,2024-01-10,Server,9,11
30,1,2024-01-10,Chef,6,15
31,1,2024-01-11,Bartender,6,12
32,1,2024-01-11,Server,10,11
33,1,2024-01-11,Chef,7,15
34,1,2024-01-12,Bartender,5,12
35,1,2024-01-12,Server,6,11
36,1,2024-01-12,Chef,7,15
37,1,2024-01-13,Bartender,4,12
38,1,2024-01-13,Server,7,11
39,1,2024-01-13,Chef,6,15
40,1,2024-01-14,Bartender,7,12
41,1,2024-01-14,Server,6,11
42,1,2024-01-14,Chef,10,15
43,1,2024-01-15,Bartender,5,12
44,1,2024-01-15,Server,7,11
45,1,2024-01-15,Chef,6,15
46,1,2024-01-16,Bartender,6,12
47,1,2024-01-16,Server,9,11
48,1,2024-01-16,Chef,8,15
49,1,2024-01-17,Bartender,6,12
50,1,2024-01-17,Server,9,11
51,1,2024-01-17,Chef,10,15
52,1,2024-01-18,Bartender,8,12
53,1,2024-01-18,Server,7,11
54,1,2024-01-18,Chef,6,15
55,1,2024-01-19,Bartender,6,12
56,1,2024-01-19,Server,8,11
57,1,2024-01-19,Chef,7,15
58,1,2024-01-20,Bartender,4,12
59,1,2024-01-20,Server,8,11
60,1,2024-01-20,Chef,9,15
61,1,2024-01-21,Bartender,5,12
62,1,2024-01-21,Server,6,11
63,1,2024-01-21,Chef,8,15
64,1,2024-01-22,Bartender,7,12
65,1,2024-01-22,Server,10,11
66,1,2024-01-22,Chef,6,15
67,1,2024-01-23,Bartender,4,12
68,1,2024-01-23,Server,9,11
69,1,2024-01-23,Chef,9,15
70,1,2024-01-24,Bartender,5,12
71,1,2024-01-24,Server,9,11
72,1,2024-01-24,Chef,8,15
73,1,2024-01-25,Bartender,8,12
74,1,2024-01-25,Server,6,11
75,1,2024-01-25,Chef,10,15
76,1,2024-01-26,Bartender,6,12
77,1,2024-01-26,Server,6,11
78,1,2024-01-26,Chef,10,15
79,1,2024-01-27,Bartender,4,12
80,1,2024-01-27,Server,7,11
81,1,2024-01-27,Chef,7,15
82,1,2024-01-28,Bartender,8,12
83,1,2024-01-28,Server,6,11
84,1,2024-01-28,Chef,9,15
85,1,2024-01-29,Bartender,4,12
86,1,2024-01-29,Server,6,11
87,1,2024-01-29,Chef,7,15
88,1,2024-01-30,Bartender,6,12
89,1,2024-01-30,Server,6,11
90,1,2024-01-30,Chef,10,15
91,1,2024-01-31,Bartender,5,12
92,1,2024-01-31,Server,6,11
93,1,2024-01-31,Chef,10,15
94,1,2024-02-01,Bartender,6,12
95,1,2024-02-01,Server,10,11
96,1,2024-02-01,Chef,10,15
97,1,2024-02-02,Bartender,5,12
98,1,2024-02-02,Server,7,11
99,1,2024-02-02,Chef,9,15
100,1,2024-02-03,Bartender,8,12
101,1,2024-02-03,Server,9,11
102,1,2024-02-03,Chef,9,15
103,1,2024-02-04,Bartender,4,12
104,1,2024-02-04,Server,6,11
105,1,2024-02-04,Chef,7,15
106,1,2024-02-05,Bartender,7,12
107,1,2024-02-05,Server,8,11
108,1,2024-02-05,Chef,10,15
109,1,2024-02-06,Bartender,8,12
110,1,2024-02-06,Server,7,11
111,1,2024-02-06,Chef,10,15
112,1,2024-02-07,Bartender,7,12
113,1,2024-02-07,Server,8,11
114,1,2024-02-07,Chef,10,15
115,1,2024-02-08,Bartender,6,12
116,1,2024-02-08,Server,8,11
117,1,2024-02-08,Chef,6,15
118,1,2024-02-09,Bartender,8,12
119,1,2024-02-09,Server,10,11
120,1,2024-02-09,Chef,7,15
121,1,2024-02-10,Bartender,6,12
122,1,2024-02-10,Server,6,11
123,1,2024-02-10,Chef,6,15
124,1,2024-02-11,Bartender,8,12
125,1,2024-02-11,Server,7,11
126,1,2024-02-11,Chef,8,15
127,1,2024-02-12,Bartender,8,12
128,1,2024-02-12,Server,9,11
129,1,2024-02-12,Chef,6,15
130,1,2024-02-13,Bartender,5,12
131,1,2024-02-13,Server,9,11
132,1,2024-02-13,Chef,6,15
133,1,2024-02-14,Bartender,5,12
134,1,2024-02-14,Server,8,11
135,1,2024-02-14,Chef,7,15
136,1,2024-02-15,Bartender,8,12
137,1,2024-02-15,Server,8,11
138,1,2024-02-15,Chef,6,15
139,1,2024-02-16,Bartender,6,12
140,1,2024-02-16,Server,10,11
141,1,2024-02-16,Chef,6,15
142,1,2024-02-17,Bartender,6,12
143,1,2024-02-17,Server,6,11
144,1,2024-02-17,Chef,8,15
145,1,2024-02-18,Bartender,7,12
146,1,2024-02-18,Server,8,11
147,1,2024-02-18,Chef,9,15
148,1,2024-02-19,Bartender,7,12
149,1,2024-02-19,Server,8,11
150,1,2024-02-19,Chef,8,15
151,1,2024-02-20,Bartender,5,12
152,1,2024-02-20,Server,6,11
153,1,2024-02-20,Chef,9,15
154,1,2024-02-21,Bartender,8,12
155,1,2024-02-21,Server,7,11
156,1,2024-02-21,Chef,8,15
157,1,2024-02-22,Bartender,4,12
158,1,2024-02-22,Server,10,11
159,1,2024-02-22,Chef,10,15
160,1,2024-02-23,Bartender,7,12
161,1,2024-02-23,Server,9,11
162,1,2024-02-23,Chef,6,15
163,1,2024-02-24,Bartender,6,12
164,1,2024-02-24,Server,7,11
165,1,2024-02-24,Chef,10,15
166,1,2024-02-25,Bartender,4,12
167,1,2024-02-25,Server,9,11
168,1,2024-02-25,Chef,6,15
169,1,2024-02-26,Bartender,5,12
170,1,2024-02-26,Server,7,11
171,1,2024-02-26,Chef,8,15
172,1,2024-02-27,Bartender,6,12
173,1,2024-02-27,Server,8,11
174,1,2024-02-27,Chef,10,15
175,1,2024-02-28,Bartender,5,12
176,1,2024-02-28,Server,7,11
177,1,2024-02-28,Chef,9,15
178,1,2024-02-29,Bartender,4,12
179,1,2024-02-29,Server,9,11
180,1,2024-02-29,Chef,8,15
181,1,2024-03-01,Bartender,4,12
182,1,2024-03-01,Server,9,11
183,1,2024-03-01,Chef,8,15
184,1,2024-03-02,Bartender,4,12
185,1,2024-03-02,Server,6,11
186,1,2024-03-02,Chef,9,15
187,1,2024-03-03,Bartender,6,12
188,1,2024-03-03,Server,10,11
189,1,2024-03-03,Chef,10,15
190,1,2024-03-04,Bartender,7,12
191,1,2024-03-04,Server,10,11
192,1,2024-03-04,Chef,7,15
193,1,2024-03-05,Bartender,8,12
194,1,2024-03-05,Server,7,11
195,1,2024-03-05,Chef,8,15
196,1,2024-03-06,Bartender,5,12
197,1,2024-03-06,Server,9,11
198,1,2024-03-06,Chef,8,15
199,1,2024-03-07,Bartender,4,12
200,1,2024-03-07,Server,6,11
201,1,2024-03-07,Chef,6,15
202,1,2024-03-08,Bartender,5,12
203,1,2024-03-08,Server,6,11
204,1,2024-03-08,Chef,8,15
205,1,2024-03-09,Bartender,8,12
206,1,2024-03-09,Server,8,11
207,1,2024-03-09,Chef,8,15
208,1,2024-03-10,Bartender,5,12
209,1,2024-03-10,Server,7,11
210,1,2024-03-10,Chef,10,15
211,1,2024-03-11,Bartender,7,12
212,1,2024-03-11,Server,6,11
213,1,2024-03-11,Chef,10,15
214,1,2024-03-12,Bartender,6,12
215,1,2024-03-12,Server,7,11
216,1,2024-03-12,Chef,6,15
217,1,2024-03-13,Bartender,7,12
218,1,2024-03-13,Server,8,11
219,1,2024-03-13,Chef,9,15
220,1,2024-03-14,Bartender,7,12
221,1,2024-03-14,Server,7,11
222,1,2024-03-14,Chef,9,15
223,1,2024-03-15,Bartender,6,12
224,1,2024-03-15,Server,6,11
225,1,2024-03-15,Chef,6,15
226,1,2024-03-16,Bartender,6,12
227,1,2024-03-16,Server,8,11
228,1,2024-03-16,Chef,8,15
229,1,2024-03-17,Bartender,6,12
230,1,2024-03-17,Server,8,11
231,1,2024-03-17,Chef,7,15
232,1,2024-03-18,Bartender,5,12
233,1,2024-03-18,Server,7,11
234,1,2024-03-18,Chef,7,15
235,1,2024-03-19,Bartender,5,12
236,1,2024-03-19,Server,10,11
237,1,2024-03-19,Chef,9,15
238,1,2024-03-20,Bartender,6,12
239,1,2024-03-20,Server,9,11
240,1,2024-03-20,Chef,7,15
241,1,2024-03-21,Bartender,4,12
242,1,2024-03-21,Server,7,11
243,1,2024-03-21,Chef,10,15
244,1,2024-03-22,Bartender,7,12
245,1,2024-03-22,Server,7,11
246,1,2024-03-22,Chef,7,15
247,1,2024-03-23,Bartender,5,12
248,1,2024-03-23,Server,6,11
249,1,2024-03-23,Chef,6,15
250,1,2024-03-24,Bartender,4,12
251,1,2024-03-24,Server,6,11
252,1,2024-03-24,Chef,10,15
253,1,2024-03-25,Bartender,6,12
254,1,2024-03-25,Server,7,11
255,1,2024-03-25,Chef,6,15
256,1,2024-03-26,Bartender,6,12
257,1,2024-03-26,Server,9,11
258,1,2024-03-26,Chef,6,15
259,1,2024-03-27,Bartender,6,12
260,1,2024-03-27,Server,7,11
261,1,2024-03-27,Chef,7,15
262,1,2024-03-28,Bartender,6,12
263,1,2024-03-28,Server,6,11
264,1,2024-03-28,Chef,7,15
265,1,2024-03-29,Bartender,6,12
266,1,2024-03-29,Server,9,11
267,1,2024-03-29,Chef,7,15
268,1,2024-03-30,Bartender,7,12
269,1,2024-03-30,Server,8,11
270,1,2024-03-30,Chef,8,15
271,1,2024-03-31,Bartender,8,12
272,1,2024-03-31,Server,7,11
273,1,2024-03-31,Chef,10,15
274,1,2024-04-01,Bartender,4,12
275,1,2024-04-01,Server,8,11
276,1,2024-04-01,Chef,7,15
277,1,2024-04-02,Bartender,4,12
278,1,2024-04-02,Server,7,11
279,1,2024-04-02,Chef,10,15
280,1,2024-04-03,Bartender,4,12
281,1,2024-04-03,Server,6,11
282,1,2024-04-03,Chef,9,15
283,1,2024-04-04,Bartender,6,12
284,1,2024-04-04,Server,9,11
285,1,2024-04-04,Chef,9,15
286,1,2024-04-05,Bartender,8,12
287,1,2024-04-05,Server,7,11
288,1,2024-04-05,Chef,10,15
289,1,2024-04-06,Bartender,6,12
290,1,2024-04-06,Server,9,11
291,1,2024-04-06,Chef,6,15
292,1,2024-04-07,Bartender,8,12
293,1,2024-04-07,Server,8,11
294,1,2024-04-07,Chef,6,15
295,1,2024-04-08,Bartender,7,12
296,1,2024-04-08,Server,10,11
297,1,2024-04-08,Chef,9,15
298,1,2024-04-09,Bartender,7,12
299,1,2024-04-09,Server,10,11
300,1,2024-04-09,Chef,8,15
301,1,2024-04-10,Bartender,4,12
302,1,2024-04-10,Server,7,11
303,1,2024-04-10,Chef,7,15
304,1,2024-04-11,Bartender,8,12
305,1,2024-04-11,Server,9,11
306,1,2024-04-11,Chef,9,15
307,1,2024-04-12,Bartender,5,12
308,1,2024-04-12,Server,7,11
309,1,2024-04-12,Chef,10,15
310,1,2024-04-13,Bartender,6,12
311,1,2024-04-13,Server,8,11
312,1,2024-04-13,Chef,7,15
313,1,2024-04-14,Bartender,5,12
314,1,2024-04-14,Server,8,11
315,1,2024-04-14,Chef,6,15
316,1,2024-04-15,Bartender,4,12
317,1,2024-04-15,Server,8,11
318,1,2024-04-15,Chef,8,15
319,1,2024-04-16,Bartender,4,12
320,1,2024-04-16,Server,6,11
321,1,2024-04-16,Chef,10,15
322,1,2024-04-17,Bartender,7,12
323,1,2024-04-17,Server,6,11
324,1,2024-04-17,Chef,10,15
325,1,2024-04-18,Bartender,7,12
326,1,2024-04-18,Server,7,11
327,1,2024-04-18,Chef,9,15
328,1,2024-04-19,Bartender,5,12
329,1,2024-04-19,Server,9,11
330,1,2024-04-19,Chef,10,15
331,1,2024-04-20,Bartender,7,12
332,1,2024-04-20,Server,9,11
333,1,2024-04-20,Chef,7,15
334,1,2024-04-21,Bartender,5,12
335,1,2024-04-21,Server,6,11
336,1,2024-04-21,Chef,7,15
337,1,2024-04-22,Bartender,8,12
338,1,2024-04-22,Server,8,11
339,1,2024-04-22,Chef,9,15
340,1,2024-04-23,Bartender,8,12
341,1,2024-04-23,Server,7,11
342,1,2024-04-23,Chef,6,15
343,1,2024-04-24,Bartender,5,12
344,1,2024-04-24,Server,10,11
345,1,2024-04-24,Chef,9,15
346,1,2024-04-25,Bartender,5,12
347,1,2024-04-25,Server,8,11
348,1,2024-04-25,Chef,7,15
349,1,2024-04-26,Bartender,5,12
350,1,2024-04-26,Server,10,11
351,1,2024-04-26,Chef,6,15
352,1,2024-04-27,Bartender,5,12
353,1,2024-04-27,Server,10,11
354,1,2024-04-27,Chef,10,15
355,1,2024-04-28,Bartender,7,12
356,1,2024-04-28,Server,6,11
357,1,2024-04-28,Chef,7,15
358,1,2024-04-29,Bartender,8,12
359,1,2024-04-29,Server,10,11
360,1,2024-04-29,Chef,10,15
361,1,2024-04-30,Bartender,4,12
362,1,2024-04-30,Server,9,11
363,1,2024-04-30,Chef,10,15
364,1,2024-05-01,Bartender,5,12
365,1,2024-05-01,Server,8,11
366,1,2024-05-01,Chef,7,15
367,1,2024-05-02,Bartender,8,12
368,1,2024-05-02,Server,6,11
369,1,2024-05-02,Chef,6,15
370,1,2024-05-03,Bartender,6,12
371,1,2024-05-03,Server,9,11
372,1,2024-05-03,Chef,8,15
373,1,2024-05-04,Bartender,7,12
374,1,2024-05-04,Server,6,11
375,1,2024-05-04,Chef,6,15
376,1,2024-05-05,Bartender,8,12
377,1,2024-05-05,Server,9,11
378,1,2024-05-05,Chef,9,15
379,1,2024-05-06,Bartender,4,12
380,1,2024-05-06,Server,10,11
381,1,2024-05-06,Chef,6,15
382,1,2024-05-07,Bartender,6,12
383,1,2024-05-07,Server,10,11
384,1,2024-05-07,Chef,8,15
385,1,2024-05-08,Bartender,6,12
386,1,2024-05-08,Server,9,11
387,1,2024-05-08,Chef,8,15
388,1,2024-05-09,Bartender,7,12
389,1,2024-05-09,Server,8,11
390,1,2024-05-09,Chef,6,15
391,1,2024-05-10,Bartender,6,12
392,1,2024-05-10,Server,10,11
393,1,2024-05-10,Chef,6,15
394,1,2024-05-11,Bartender,6,12
395,1,2024-05-11,Server,10,11
396,1,2024-05-11,Chef,6,15
397,1,2024-05-12,Bartender,4,12
398,1,2024-05-12,Server,10,11
399,1,2024-05-12,Chef,7,15
400,1,2024-05-13,Bartender,7,12
401,1,2024-05-13,Server,7,11
402,1,2024-05-13,Chef,6,15
403,1,2024-05-14,Bartender,4,12
404,1,2024-05-14,Server,9,11
405,1,2024-05-14,Chef,9,15
406,1,2024-05-15,Bartender,6,12
407,1,2024-05-15,Server,9,11
408,1,2024-05-15,Chef,6,15
409,1,2024-05-16,Bartender,7,12
410,1,2024-05-16,Server,9,11
411,1,2024-05-16,Chef,7,15
412,1,2024-05-17,Bartender,6,12
413,1,2024-05-17,Server,6,11
414,1,2024-05-17,Chef,6,15
415,1,2024-05-18,Bartender,6,12
416,1,2024-05-18,Server,10,11
417,1,2024-05-18,Chef,6,15
418,1,2024-05-19,Bartender,6,12
419,1,2024-05-19,Server,6,11
420,1,2024-05-19,Chef,7,15
421,1,2024-05-20,Bartender,8,12
422,1,2024-05-20,Server,9,11
423,1,2024-05-20,Chef,9,15
424,1,2024-05-21,Bartender,7,12
425,1,2024-05-21,Server,10,11
426,1,2024-05-21,Chef,8,15
427,1,2024-05-22,Bartender,8,12
428,1,2024-05-22,Server,10,11
429,1,2024-05-22,Chef,8,15
430,1,2024-05-23,Bartender,8,12
431,1,2024-05-23,Server,8,11
432,1,2024-05-23,Chef,9,15
433,1,2024-05-24,Bartender,6,12
434,1,2024-05-24,Server,9,11
435,1,2024-05-24,Chef,10,15
436,1,2024-05-25,Bartender,4,12
437,1,2024-05-25,Server,10,11
438,1,2024-05-25,Chef,9,15
439,1,2024-05-26,Bartender,4,12
440,1,2024-05-26,Server,10,11
441,1,2024-05-26,Chef,10,15
442,1,2024-05-27,Bartender,8,12
443,1,2024-05-27,Server,7,11
444,1,2024-05-27,Chef,10,15
445,1,2024-05-28,Bartender,8,12
446,1,2024-05-28,Server,10,11
447,1,2024-05-28,Chef,6,15
448,1,2024-05-29,Bartender,7,12
449,1,2024-05-29,Server,9,11
450,1,2024-05-29,Chef,8,15
451,1,2024-05-30,Bartender,4,12
452,1,2024-05-30,Server,7,11
453,1,2024-05-30,Chef,6,15
454,1,2024-05-31,Bartender,8,12
455,1,2024-05-31,Server,8,11
456,1,2024-05-31,Chef,6,15
457,1,2024-06-01,Bartender,6,12
458,1,2024-06-01,Server,8,11
459,1,2024-06-01,Chef,9,15
460,1,2024-06-02,Bartender,5,12
461,1,2024-06-02,Server,6,11
462,1,2024-06-02,Chef,7,15
463,1,2024-06-03,Bartender,8,12
464,1,2024-06-03,Server,9,11
465,1,2024-06-03,Chef,10,15
466,1,2024-06-04,Bartender,4,12
467,1,2024-06-04,Server,9,11
468,1,2024-06-04,Chef,8,15
469,1,2024-06-05,Bartender,7,12
470,1,2024-06-05,Server,8,11
471,1,2024-06-05,Chef,7,15
472,1,2024-06-06,Bartender,4,12
473,1,2024-06-06,Server,9,11
474,1,2024-06-06,Chef,9,15
475,1,2024-06-07,Bartender,4,12
476,1,2024-06-07,Server,10,11
477,1,2024-06-07,Chef,9,15
478,1,2024-06-08,Bartender,8,12
479,1,2024-06-08,Server,8,11
480,1,2024-06-08,Chef,10,15
481,1,2024-06-09,Bartender,7,12
482,1,2024-06-09,Server,9,11
483,1,2024-06-09,Chef,9,15
484,1,2024-06-10,Bartender,4,12
485,1,2024-06-10,Server,10,11
486,1,2024-06-10,Chef,6,15
487,1,2024-06-11,Bartender,4,12
488,1,2024-06-11,Server,6,11
489,1,2024-06-11,Chef,10,15
490,1,2024-06-12,Bartender,6,12
491,1,2024-06-12,Server,10,11
492,1,2024-06-12,Chef,9,15
493,1,2024-06-13,Bartender,4,12
494,1,2024-06-13,Server,9,11
495,1,2024-06-13,Chef,7,15
496,1,2024-06-14,Bartender,7,12
497,1,2024-06-14,Server,9,11
498,1,2024-06-14,Chef,9,15
499,1,2024-06-15,Bartender,6,12
500,1,2024-06-15,Server,7,11
501,1,2024-06-15,Chef,10,15
502,1,2024-06-16,Bartender,7,12
503,1,2024-06-16,Server,8,11
504,1,2024-06-16,Chef,10,15
505,1,2024-06-17,Bartender,6,12
506,1,2024-06-17,Server,7,11
507,1,2024-06-17,Chef,10,15
508,1,2024-06-18,Bartender,7,12
509,1,2024-06-18,Server,8,11
510,1,2024-06-18,Chef,6,15
511,1,2024-06-19,Bartender,4,12
512,1,2024-06-19,Server,7,11
513,1,2024-06-19,Chef,9,15
514,1,2024-06-20,Bartender,5,12
515,1,2024-06-20,Server,9,11
516,1,2024-06-20,Chef,7,15
517,1,2024-06-21,Bartender,4,12
518,1,2024-06-21,Server,9,11
519,1,2024-06-21,Chef,7,15
520,1,2024-06-22,Bartender,8,12
521,1,2024-06-22,Server,10,11
522,1,2024-06-22,Chef,7,15
523,1,2024-06-23,Bartender,7,12
524,1,2024-06-23,Server,10,11
525,1,2024-06-23,Chef,6,15
526,1,2024-06-24,Bartender,7,12
527,1,2024-06-24,Server,8,11
528,1,2024-06-24,Chef,6,15
529,1,2024-06-25,Bartender,5,12
530,1,2024-06-25,Server,9,11
531,1,2024-06-25,Chef,9,15
532,1,2024-06-26,Bartender,5,12
533,1,2024-06-26,Server,7,11
534,1,2024-06-26,Chef,6,15
535,1,2024-06-27,Bartender,7,12
536,1,2024-06-27,Server,6,11
537,1,2024-06-27,Chef,6,15
538,1,2024-06-28,Bartender,5,12
539,1,2024-06-28,Server,10,11
540,1,2024-06-28,Chef,9,15
541,1,2024-06-29,Bartender,7,12
542,1,2024-06-29,Server,6,11
543,1,2024-06-29,Chef,7,15
544,1,2024-06-30,Bartender,4,12
545,1,2024-06-30,Server,7,11
546,1,2024-06-30,Chef,10,15
547,1,2024-07-01,Bartender,7,12
548,1,2024-07-01,Server,8,11
549,1,2024-07-01,Chef,7,15
550,1,2024-07-02,Bartender,6,12
551,1,2024-07-02,Server,10,11
552,1,2024-07-02,Chef,7,15
553,1,2024-07-03,Bartender,5,12
554,1,2024-07-03,Server,8,11
555,1,2024-07-03,Chef,9,15
556,1,2024-07-04,Bartender,8,12
557,1,2024-07-04,Server,8,11
558,1,2024-07-04,Chef,10,15
559,1,2024-07-05,Bartender,6,12
560,1,2024-07-05,Server,10,11
561,1,2024-07-05,Chef,10,15
562,1,2024-07-06,Bartender,5,12
563,1,2024-07-06,Server,6,11
564,1,2024-07-06,Chef,7,15
565,1,2024-07-07,Bartender,8,12
566,1,2024-07-07,Server,8,11
567,1,2024-07-07,Chef,6,15
568,1,2024-07-08,Bartender,7,12
569,1,2024-07-08,Server,6,11
570,1,2024-07-08,Chef,10,15
571,1,2024-07-09,Bartender,6,12
572,1,2024-07-09,Server,8,11
573,1,2024-07-09,Chef,6,15
574,1,2024-07-10,Bartender,8,12
575,1,2024-07-10,Server,7,11
576,1,2024-07-10,Chef,10,15
577,1,2024-07-11,Bartender,5,12
578,1,2024-07-11,Server,10,11
579,1,2024-07-11,Chef,8,15
580,1,2024-07-12,Bartender,6,12
581,1,2024-07-12,Server,7,11
582,1,2024-07-12,Chef,10,15
583,1,2024-07-13,Bartender,7,12
584,1,2024-07-13,Server,10,11
585,1,2024-07-13,Chef,7,15
586,1,2024-07-14,Bartender,4,12
587,1,2024-07-14,Server,8,11
588,1,2024-07-14,Chef,8,15
589,1,2024-07-15,Bartender,7,12
590,1,2024-07-15,Server,8,11
591,1,2024-07-15,Chef,9,15
592,1,2024-07-16,Bartender,6,12
593,1,2024-07-16,Server,6,11
594,1,2024-07-16,Chef,8,15
595,1,2024-07-17,Bartender,5,12
596,1,2024-07-17,Server,10,11
597,1,2024-07-17,Chef,7,15
598,1,2024-07-18,Bartender,6,12
599,1,2024-07-18,Server,6,11
600,1,2024-07-18,Chef,10,15
601,1,2024-07-19,Bartender,5,12
602,1,2024-07-19,Server,8,11
603,1,2024-07-19,Chef,8,15
604,1,2024-07-20,Bartender,6,12
605,1,2024-07-20,Server,10,11
606,1,2024-07-20,Chef,7,15
607,1,2024-07-21,Bartender,8,12
608,1,2024-07-21,Server,10,11
609,1,2024-07-21,Chef,10,15
610,1,2024-07-22,Bartender,8,12
611,1,2024-07-22,Server,9,11
612,1,2024-07-22,Chef,6,15
613,1,2024-07-23,Bartender,6,12
614,1,2024-07-23,Server,9,11
615,1,2024-07-23,Chef,9,15
616,1,2024-07-24,Bartender,8,12
617,1,2024-07-24,Server,10,11
618,1,2024-07-24,Chef,7,15
619,1,2024-07-25,Bartender,7,12
620,1,2024-07-25,Server,9,11
621,1,2024-07-25,Chef,6,15
622,1,2024-07-26,Bartender,4,12
623,1,2024-07-26,Server,9,11
624,1,2024-07-26,Chef,7,15
625,1,2024-07-27,Bartender,4,12
626,1,2024-07-27,Server,8,11
627,1,2024-07-27,Chef,7,15
628,1,2024-07-28,Bartender,8,12
629,1,2024-07-28,Server,10,11
630,1,2024-07-28,Chef,10,15
631,1,2024-07-29,Bartender,5,12
632,1,2024-07-29,Server,6,11
633,1,2024-07-29,Chef,7,15
634,1,2024-07-30,Bartender,4,12
635,1,2024-07-30,Server,8,11
636,1,2024-07-30,Chef,6,15
637,1,2024-07-31,Bartender,8,12
638,1,2024-07-31,Server,9,11
639,1,2024-07-31,Chef,8,15
640,1,2024-08-01,Bartender,4,12
641,1,2024-08-01,Server,8,11
642,1,2024-08-01,Chef,9,15
643,1,2024-08-02,Bartender,6,12
644,1,2024-08-02,Server,8,11
645,1,2024-08-02,Chef,8,15
646,1,2024-08-03,Bartender,7,12
647,1,2024-08-03,Server,10,11
648,1,2024-08-03,Chef,9,15
649,1,2024-08-04,Bartender,6,12
650,1,2024-08-04,Server,8,11
651,1,2024-08-04,Chef,6,15
652,1,2024-08-05,Bartender,6,12
653,1,2024-08-05,Server,10,11
654,1,2024-08-05,Chef,8,15
655,1,2024-08-06,Bartender,4,12
656,1,2024-08-06,Server,8,11
657,1,2024-08-06,Chef,8,15
658,1,2024-08-07,Bartender,7,12
659,1,2024-08-07,Server,8,11
660,1,2024-08-07,Chef,7,15
661,1,2024-08-08,Bartender,6,12
662,1,2024-08-08,Server,7,11
663,1,2024-08-08,Chef,9,15
664,1,2024-08-09,Bartender,4,12
665,1,2024-08-09,Server,10,11
666,1,2024-08-09,Chef,6,15
667,1,2024-08-10,Bartender,8,12
668,1,2024-08-10,Server,10,11
669,1,2024-08-10,Chef,8,15
670,1,2024-08-11,Bartender,6,12
671,1,2024-08-11,Server,7,11
672,1,2024-08-11,Chef,6,15
673,1,2024-08-12,Bartender,4,12
674,1,2024-08-12,Server,10,11
675,1,2024-08-12,Chef,9,15
676,1,2024-08-13,Bartender,7,12
677,1,2024-08-13,Server,8,11
678,1,2024-08-13,Chef,6,15
679,1,2024-08-14,Bartender,4,12
680,1,2024-08-14,Server,7,11
681,1,2024-08-14,Chef,6,15
682,1,2024-08-15,Bartender,4,12
683,1,2024-08-15,Server,7,11
684,1,2024-08-15,Chef,9,15
685,1,2024-08-16,Bartender,5,12
686,1,2024-08-16,Server,8,11
687,1,2024-08-16,Chef,6,15
688,1,2024-08-17,Bartender,5,12
689,1,2024-08-17,Server,9,11
690,1,2024-08-17,Chef,9,15
691,1,2024-08-18,Bartender,8,12
692,1,2024-08-18,Server,8,11
693,1,2024-08-18,Chef,7,15
694,1,2024-08-19,Bartender,8,12
695,1,2024-08-19,Server,8,11
696,1,2024-08-19,Chef,10,15
697,1,2024-08-20,Bartender,6,12
698,1,2024-08-20,Server,8,11
699,1,2024-08-20,Chef,9,15
700,1,2024-08-21,Bartender,8,12
701,1,2024-08-21,Server,8,11
702,1,2024-08-21,Chef,10,15
703,1,2024-08-22,Bartender,7,12
704,1,2024-08-22,Server,10,11
705,1,2024-08-22,Chef,8,15
706,1,2024-08-23,Bartender,8,12
707,1,2024-08-23,Server,8,11
708,1,2024-08-23,Chef,7,15
709,1,2024-08-24,Bartender,8,12
710,1,2024-08-24,Server,10,11
711,1,2024-08-24,Chef,10,15
712,1,2024-08-25,Bartender,8,12
713,1,2024-08-25,Server,6,11
714,1,2024-08-25,Chef,9,15
715,1,2024-08-26,Bartender,7,12
716,1,2024-08-26,Server,9,11
717,1,2024-08-26,Chef,9,15
718,1,2024-08-27,Bartender,8,12
719,1,2024-08-27,Server,10,11
720,1,2024-08-27,Chef,6,15
721,1,2024-08-28,Bartender,7,12
722,1,2024-08-28,Server,10,11
723,1,2024-08-28,Chef,6,15
724,1,2024-08-29,Bartender,4,12
725,1,2024-08-29,Server,10,11
726,1,2024-08-29,Chef,8,15
727,1,2024-08-30,Bartender,5,12
728,1,2024-08-30,Server,10,11
729,1,2024-08-30,Chef,8,15
730,1,2024-08-31,Bartender,4,12
731,1,2024-08-31,Server,6,11
732,1,2024-08-31,Chef,6,15
733,1,2024-09-01,Bartender,7,12
734,1,2024-09-01,Server,9,11
735,1,2024-09-01,Chef,6,15
736,1,2024-09-02,Bartender,8,12
737,1,2024-09-02,Server,7,11
738,1,2024-09-02,Chef,8,15
739,1,2024-09-03,Bartender,7,12
740,1,2024-09-03,Server,7,11
741,1,2024-09-03,Chef,9,15
742,1,2024-09-04,Bartender,6,12
743,1,2024-09-04,Server,7,11
744,1,2024-09-04,Chef,9,15
745,1,2024-09-05,Bartender,5,12
746,1,2024-09-05,Server,8,11
747,1,2024-09-05,Chef,10,15
748,1,2024-09-06,Bartender,5,12
749,1,2024-09-06,Server,7,11
750,1,2024-09-06,Chef,7,15
751,1,2024-09-07,Bartender,6,12
752,1,2024-09-07,Server,10,11
753,1,2024-09-07,Chef,9,15
754,1,2024-09-08,Bartender,6,12
755,1,2024-09-08,Server,7,11
756,1,2024-09-08,Chef,7,15
757,1,2024-09-09,Bartender,6,12
758,1,2024-09-09,Server,6,11
759,1,2024-09-09,Chef,6,15
760,1,2024-09-10,Bartender,5,12
761,1,2024-09-10,Server,8,11
762,1,2024-09-10,Chef,8,15
763,1,2024-09-11,Bartender,6,12
764,1,2024-09-11,Server,7,11
765,1,2024-09-11,Chef,6,15
766,1,2024-09-12,Bartender,6,12
767,1,2024-09-12,Server,9,11
768,1,2024-09-12,Chef,10,15
769,1,2024-09-13,Bartender,6,12
770,1,2024-09-13,Server,8,11
771,1,2024-09-13,Chef,9,15
772,1,2024-09-14,Bartender,6,12
773,1,2024-09-14,Server,8,11
774,1,2024-09-14,Chef,8,15
775,1,2024-09-15,Bartender,7,12
776,1,2024-09-15,Server,6,11
777,1,2024-09-15,Chef,6,15
778,1,2024-09-16,Bartender,6,12
779,1,2024-09-16,Server,7,11
780,1,2024-09-16,Chef,6,15
781,1,2024-09-17,Bartender,6,12
782,1,2024-09-17,Server,7,11
783,1,2024-09-17,Chef,7,15
784,1,2024-09-18,Bartender,7,12
785,1,2024-09-18,Server,9,11
786,1,2024-09-18,Chef,10,15
787,1,2024-09-19,Bartender,5,12
788,1,2024-09-19,Server,9,11
789,1,2024-09-19,Chef,9,15
790,1,2024-09-20,Bartender,6,12
791,1,2024-09-20,Server,7,11
792,1,2024-09-20,Chef,7,15
793,1,2024-09-21,Bartender,4,12
794,1,2024-09-21,Server,9,11
795,1,2024-09-21,Chef,10,15
796,1,2024-09-22,Bartender,7,12
797,1,2024-09-22,Server,9,11
798,1,2024-09-22,Chef,9,15
799,1,2024-09-23,Bartender,6,12
800,1,2024-09-23,Server,8,11
801,1,2024-09-23,Chef,8,15
802,1,2024-09-24,Bartender,5,12
803,1,2024-09-24,Server,6,11
804,1,2024-09-24,Chef,8,15
805,1,2024-09-25,Bartender,7,12
806,1,2024-09-25,Server,6,11
807,1,2024-09-25,Chef,9,15
808,1,2024-09-26,Bartender,7,12
809,1,2024-09-26,Server,8,11
810,1,2024-09-26,Chef,9,15
811,1,2024-09-27,Bartender,6,12
812,1,2024-09-27,Server,10,11
813,1,2024-09-27,Chef,8,15
814,1,2024-09-28,Bartender,4,12
815,1,2024-09-28,Server,10,11
816,1,2024-09-28,Chef,10,15
817,1,2024-09-29,Bartender,5,12
818,1,2024-09-29,Server,6,11
819,1,2024-09-29,Chef,8,15
820,1,2024-09-30,Bartender,4,12
821,1,2024-09-30,Server,6,11
822,1,2024-09-30,Chef,8,15
823,1,2024-10-01,Bartender,7,12
824,1,2024-10-01,Server,9,11
825,1,2024-10-01,Chef,8,15
826,1,2024-10-02,Bartender,8,12
827,1,2024-10-02,Server,10,11
828,1,2024-10-02,Chef,6,15
829,1,2024-10-03,Bartender,5,12
830,1,2024-10-03,Server,7,11
831,1,2024-10-03,Chef,6,15
832,1,2024-10-04,Bartender,6,12
833,1,2024-10-04,Server,9,11
834,1,2024-10-04,Chef,7,15
835,1,2024-10-05,Bartender,6,12
836,1,2024-10-05,Server,10,11
837,1,2024-10-05,Chef,10,15
838,1,2024-10-06,Bartender,6,12
839,1,2024-10-06,Server,6,11
840,1,2024-10-06,Chef,8,15
841,1,2024-10-07,Bartender,7,12
842,1,2024-10-07,Server,8,11
843,1,2024-10-07,Chef,6,15
844,1,2024-10-08,Bartender,4,12
845,1,2024-10-08,Server,9,11
846,1,2024-10-08,Chef,8,15
847,1,2024-10-09,Bartender,5,12
848,1,2024-10-09,Server,6,11
849,1,2024-10-09,Chef,6,15
850,1,2024-10-10,Bartender,5,12
851,1,2024-10-10,Server,10,11
852,1,2024-10-10,Chef,6,15
853,1,2024-10-11,Bartender,6,12
854,1,2024-10-11,Server,6,11
855,1,2024-10-11,Chef,7,15
856,1,2024-10-12,Bartender,8,12
857,1,2024-10-12,Server,10,11
858,1,2024-10-12,Chef,6,15
859,1,2024-10-13,Bartender,4,12
860,1,2024-10-13,Server,7,11
861,1,2024-10-13,Chef,8,15
862,1,2024-10-14,Bartender,8,12
863,1,2024-10-14,Server,7,11
864,1,2024-10-14,Chef,7,15
865,1,2024-10-15,Bartender,4,12
866,1,2024-10-15,Server,7,11
867,1,2024-10-15,Chef,10,15
868,1,2024-10-16,Bartender,5,12
869,1,2024-10-16,Server,10,11
870,1,2024-10-16,Chef,7,15
871,1,2024-10-17,Bartender,8,12
872,1,2024-10-17,Server,8,11
873,1,2024-10-17,Chef,7,15
874,1,2024-10-18,Bartender,8,12
875,1,2024-10-18,Server,6,11
876,1,2024-10-18,Chef,7,15
877,1,2024-10-19,Bartender,7,12
878,1,2024-10-19,Server,6,11
879,1,2024-10-19,Chef,7,15
880,1,2024-10-20,Bartender,8,12
881,1,2024-10-20,Server,8,11
882,1,2024-10-20,Chef,6,15
883,1,2024-10-21,Bartender,5,12
884,1,2024-10-21,Server,8,11
885,1,2024-10-21,Chef,10,15
886,1,2024-10-22,Bartender,8,12
887,1,2024-10-22,Server,6,11
888,1,2024-10-22,Chef,9,15
889,1,2024-10-23,Bartender,5,12
890,1,2024-10-23,Server,10,11
891,1,2024-10-23,Chef,9,15
892,1,2024-10-24,Bartender,8,12
893,1,2024-10-24,Server,10,11
894,1,2024-10-24,Chef,8,15
895,1,2024-10-25,Bartender,4,12
896,1,2024-10-25,Server,9,11
897,1,2024-10-25,Chef,6,15
898,1,2024-10-26,Bartender,8,12
899,1,2024-10-26,Server,7,11
900,1,2024-10-26,Chef,7,15
901,1,2024-10-27,Bartender,5,12
902,1,2024-10-27,Server,6,11
903,1,2024-10-27,Chef,10,15
904,1,2024-10-28,Bartender,8,12
905,1,2024-10-28,Server,10,11
906,1,2024-10-28,Chef,6,15
907,1,2024-10-29,Bartender,5,12
908,1,2024-10-29,Server,7,11
909,1,2024-10-29,Chef,7,15
910,1,2024-10-30,Bartender,4,12
911,1,2024-10-30,Server,7,11
912,1,2024-10-30,Chef,7,15
913,1,2024-10-31,Bartender,5,12
914,1,2024-10-31,Server,9,11
915,1,2024-10-31,Chef,9,15
916,1,2024-11-01,Bartender,5,12
917,1,2024-11-01,Server,8,11
918,1,2024-11-01,Chef,8,15
919,1,2024-11-02,Bartender,6,12
920,1,2024-11-02,Server,8,11
921,1,2024-11-02,Chef,7,15
922,1,2024-11-03,Bartender,8,12
923,1,2024-11-03,Server,9,11
924,1,2024-11-03,Chef,9,15
925,1,2024-11-04,Bartender,8,12
926,1,2024-11-04,Server,10,11
927,1,2024-11-04,Chef,8,15
928,1,2024-11-05,Bartender,4,12
929,1,2024-11-05,Server,6,11
930,1,2024-11-05,Chef,9,15
931,1,2024-11-06,Bartender,7,12
932,1,2024-11-06,Server,9,11
933,1,2024-11-06,Chef,7,15
934,1,2024-11-07,Bartender,8,12
935,1,2024-11-07,Server,8,11
936,1,2024-11-07,Chef,8,15
937,1,2024-11-08,Bartender,4,12
938,1,2024-11-08,Server,8,11
939,1,2024-11-08,Chef,6,15
940,1,2024-11-09,Bartender,5,12
941,1,2024-11-09,Server,8,11
942,1,2024-11-09,Chef,10,15
943,1,2024-11-10,Bartender,5,12
944,1,2024-11-10,Server,10,11
945,1,2024-11-10,Chef,7,15
946,1,2024-11-11,Bartender,5,12
947,1,2024-11-11,Server,8,11
948,1,2024-11-11,Chef,9,15
949,1,2024-11-12,Bartender,6,12
950,1,2024-11-12,Server,7,11
951,1,2024-11-12,Chef,10,15
952,1,2024-11-13,Bartender,8,12
953,1,2024-11-13,Server,7,11
954,1,2024-11-13,Chef,9,15
955,1,2024-11-14,Bartender,7,12
956,1,2024-11-14,Server,6,11
957,1,2024-11-14,Chef,6,15
958,1,2024-11-15,Bartender,7,12
959,1,2024-11-15,Server,6,11
960,1,2024-11-15,Chef,8,15
961,1,2024-11-16,Bartender,5,12
962,1,2024-11-16,Server,7,11
963,1,2024-11-16,Chef,6,15
964,1,2024-11-17,Bartender,4,12
965,1,2024-11-17,Server,6,11
966,1,2024-11-17,Chef,10,15
967,1,2024-11-18,Bartender,4,12
968,1,2024-11-18,Server,9,11
969,1,2024-11-18,Chef,9,15
970,1,2024-11-19,Bartender,4,12
971,1,2024-11-19,Server,8,11
972,1,2024-11-19,Chef,7,15
973,1,2024-11-20,Bartender,7,12
974,1,2024-11-20,Server,7,11
975,1,2024-11-20,Chef,7,15
976,1,2024-11-21,Bartender,5,12
977,1,2024-11-21,Server,7,11
978,1,2024-11-21,Chef,10,15
979,1,2024-11-22,Bartender,5,12
980,1,2024-11-22,Server,6,11
981,1,2024-11-22,Chef,8,15
982,1,2024-11-23,Bartender,7,12
983,1,2024-11-23,Server,10,11
984,1,2024-11-23,Chef,6,15
985,1,2024-11-24,Bartender,8,12
986,1,2024-11-24,Server,6,11
987,1,2024-11-24,Chef,10,15
988,1,2024-11-25,Bartender,6,12
989,1,2024-11-25,Server,8,11
990,1,2024-11-25,Chef,10,15
991,1,2024-11-26,Bartender,6,12
992,1,2024-11-26,Server,10,11
993,1,2024-11-26,Chef,9,15
994,1,2024-11-27,Bartender,6,12
995,1,2024-11-27,Server,9,11
996,1,2024-11-27,Chef,9,15
997,1,2024-11-28,Bartender,7,12
998,1,2024-11-28,Server,7,11
999,1,2024-11-28,Chef,7,15
1000,1,2024-11-29,Bartender,7,12
1001,1,2024-11-29,Server,10,11
1002,1,2024-11-29,Chef,8,15
1003,1,2024-11-30,Bartender,4,12
1004,1,2024-11-30,Server,7,11
1005,1,2024-11-30,Chef,7,15
1006,1,2024-12-01,Bartender,5,12
1007,1,2024-12-01,Server,9,11
1008,1,2024-12-01,Chef,7,15
1009,1,2024-12-02,Bartender,8,12
1010,1,2024-12-02,Server,7,11
1011,1,2024-12-02,Chef,10,15
1012,1,2024-12-03,Bartender,4,12
1013,1,2024-12-03,Server,10,11
1014,1,2024-12-03,Chef,7,15
1015,1,2024-12-04,Bartender,5,12
1016,1,2024-12-04,Server,10,11
1017,1,2024-12-04,Chef,7,15
1018,1,2024-12-05,Bartender,5,12
1019,1,2024-12-05,Server,8,11
1020,1,2024-12-05,Chef,7,15
1021,1,2024-12-06,Bartender,7,12
1022,1,2024-12-06,Server,7,11
1023,1,2024-12-06,Chef,8,15
1024,1,2024-12-07,Bartender,4,12
1025,1,2024-12-07,Server,8,11
1026,1,2024-12-07,Chef,9,15
1027,1,2024-12-08,Bartender,7,12
1028,1,2024-12-08,Server,8,11
1029,1,2024-12-08,Chef,10,15
1030,1,2024-12-09,Bartender,4,12
1031,1,2024-12-09,Server,6,11
1032,1,2024-12-09,Chef,9,15
1033,1,2024-12-10,Bartender,5,12
1034,1,2024-12-10,Server,6,11
1035,1,2024-12-10,Chef,7,15
1036,1,2024-12-11,Bartender,7,12
1037,1,2024-12-11,Server,10,11
1038,1,2024-12-11,Chef,9,15
1039,1,2024-12-12,Bartender,6,12
1040,1,2024-12-12,Server,7,11
1041,1,2024-12-12,Chef,6,15
1042,1,2024-12-13,Bartender,5,12
1043,1,2024-12-13,Server,10,11
1044,1,2024-12-13,Chef,7,15
1045,1,2024-12-14,Bartender,5,12
1046,1,2024-12-14,Server,9,11
1047,1,2024-12-14,Chef,8,15
1048,1,2024-12-15,Bartender,6,12
1049,1,2024-12-15,Server,7,11
1050,1,2024-12-15,Chef,7,15
1051,1,2024-12-16,Bartender,5,12
1052,1,2024-12-16,Server,6,11
1053,1,2024-12-16,Chef,6,15
1054,1,2024-12-17,Bartender,7,12
1055,1,2024-12-17,Server,10,11
1056,1,2024-12-17,Chef,9,15
1057,1,2024-12-18,Bartender,5,12
1058,1,2024-12-18,Server,9,11
1059,1,2024-12-18,Chef,9,15
1060,1,2024-12-19,Bartender,6,12
1061,1,2024-12-19,Server,7,11
1062,1,2024-12-19,Chef,6,15
1063,1,2024-12-20,Bartender,8,12
1064,1,2024-12-20,Server,8,11
1065,1,2024-12-20,Chef,9,15
1066,1,2024-12-21,Bartender,5,12
1067,1,2024-12-21,Server,10,11
1068,1,2024-12-21,Chef,6,15
1069,1,2024-12-22,Bartender,5,12
1070,1,2024-12-22,Server,8,11
1071,1,2024-12-22,Chef,7,15
1072,1,2024-12-23,Bartender,7,12
1073,1,2024-12-23,Server,9,11
1074,1,2024-12-23,Chef,10,15
1075,1,2024-12-24,Bartender,6,12
1076,1,2024-12-24,Server,10,11
1077,1,2024-12-24,Chef,7,15
1078,1,2024-12-25,Bartender,6,12
1079,1,2024-12-25,Server,8,11
1080,1,2024-12-25,Chef,8,15
1081,2,2024-01-01,Bartender,7,12
1082,2,2024-01-01,Server,9,11
1083,2,2024-01-01,Chef,9,15
1084,2,2024-01-02,Bartender,5,12
1085,2,2024-01-02,Server,9,11
1086,2,2024-01-02,Chef,6,15
1087,2,2024-01-03,Bartender,4,12
1088,2,2024-01-03,Server,7,11
1089,2,2024-01-03,Chef,10,15
1090,2,2024-01-04,Bartender,6,12
1091,2,2024-01-04,Server,10,11
1092,2,2024-01-04,Chef,6,15
1093,2,2024-01-05,Bartender,7,12
1094,2,2024-01-05,Server,9,11
1095,2,2024-01-05,Chef,8,15
1096,2,2024-01-06,Bartender,4,12
1097,2,2024-01-06,Server,6,11
1098,2,2024-01-06,Chef,10,15
1099,2,2024-01-07,Bartender,8,12
1100,2,2024-01-07,Server,7,11
1101,2,2024-01-07,Chef,6,15
1102,2,2024-01-08,Bartender,5,12
1103,2,2024-01-08,Server,8,11
1104,2,2024-01-08,Chef,7,15
1105,2,2024-01-09,Bartender,4,12
1106,2,2024-01-09,Server,7,11
1107,2,2024-01-09,Chef,6,15
1108,2,2024-01-10,Bartender,6,12
1109,2,2024-01-10,Server,10,11
1110,2,2024-01-10,Chef,8,15
1111,2,2024-01-11,Bartender,7,12
1112,2,2024-01-11,Server,9,11
1113,2,2024-01-11,Chef,8,15
1114,2,2024-01-12,Bartender,5,12
1115,2,2024-01-12,Server,6,11
1116,2,2024-01-12,Chef,9,15
1117,2,2024-01-13,Bartender,8,12
1118,2,2024-01-13,Server,10,11
1119,2,2024-01-13,Chef,10,15
1120,2,2024-01-14,Bartender,7,12
1121,2,2024-01-14,Server,7,11
1122,2,2024-01-14,Chef,8,15
1123,2,2024-01-15,Bartender,8,12
1124,2,2024-01-15,Server,8,11
1125,2,2024-01-15,Chef,6,15
1126,2,2024-01-16,Bartender,8,12
1127,2,2024-01-16,Server,8,11
1128,2,2024-01-16,Chef,7,15
1129,2,2024-01-17,Bartender,4,12
1130,2,2024-01-17,Server,9,11
1131,2,2024-01-17,Chef,7,15
1132,2,2024-01-18,Bartender,4,12
1133,2,2024-01-18,Server,7,11
1134,2,2024-01-18,Chef,10,15
1135,2,2024-01-19,Bartender,6,12
1136,2,2024-01-19,Server,7,11
1137,2,2024-01-19,Chef,10,15
1138,2,2024-01-20,Bartender,5,12
1139,2,2024-01-20,Server,10,11
1140,2,2024-01-20,Chef,6,15
1141,2,2024-01-21,Bartender,7,12
1142,2,2024-01-21,Server,7,11
1143,2,2024-01-21,Chef,10,15
1144,2,2024-01-22,Bartender,7,12
1145,2,2024-01-22,Server,6,11
1146,2,2024-01-22,Chef,10,15
1147,2,2024-01-23,Bartender,8,12
1148,2,2024-01-23,Server,6,11
1149,2,2024-01-23,Chef,10,15
1150,2,2024-01-24,Bartender,4,12
1151,2,2024-01-24,Server,8,11
1152,2,2024-01-24,Chef,9,15
1153,2,2024-01-25,Bartender,7,12
1154,2,2024-01-25,Server,6,11
1155,2,2024-01-25,Chef,9,15
1156,2,2024-01-26,Bartender,7,12
1157,2,2024-01-26,Server,8,11
1158,2,2024-01-26,Chef,8,15
1159,2,2024-01-27,Bartender,5,12
1160,2,2024-01-27,Server,10,11
1161,2,2024-01-27,Chef,9,15
1162,2,2024-01-28,Bartender,6,12
1163,2,2024-01-28,Server,8,11
1164,2,2024-01-28,Chef,6,15
1165,2,2024-01-29,Bartender,8,12
1166,2,2024-01-29,Server,9,11
1167,2,2024-01-29,Chef,7,15
1168,2,2024-01-30,Bartender,8,12
1169,2,2024-01-30,Server,8,11
1170,2,2024-01-30,Chef,8,15
1171,2,2024-01-31,Bartender,7,12
1172,2,2024-01-31,Server,10,11
1173,2,2024-01-31,Chef,7,15
1174,2,2024-02-01,Bartender,5,12
1175,2,2024-02-01,Server,8,11
1176,2,2024-02-01,Chef,9,15
1177,2,2024-02-02,Bartender,5,12
1178,2,2024-02-02,Server,7,11
1179,2,2024-02-02,Chef,8,15
1180,2,2024-02-03,Bartender,7,12
1181,2,2024-02-03,Server,9,11
1182,2,2024-02-03,Chef,8,15
1183,2,2024-02-04,Bartender,4,12
1184,2,2024-02-04,Server,8,11
1185,2,2024-02-04,Chef,10,15
1186,2,2024-02-05,Bartender,7,12
1187,2,2024-02-05,Server,10,11
1188,2,2024-02-05,Chef,7,15
1189,2,2024-02-06,Bartender,6,12
1190,2,2024-02-06,Server,10,11
1191,2,2024-02-06,Chef,8,15
1192,2,2024-02-07,Bartender,4,12
1193,2,2024-02-07,Server,7,11
1194,2,2024-02-07,Chef,9,15
1195,2,2024-02-08,Bartender,6,12
1196,2,2024-02-08,Server,9,11
1197,2,2024-02-08,Chef,7,15
1198,2,2024-02-09,Bartender,7,12
1199,2,2024-02-09,Server,10,11
1200,2,2024-02-09,Chef,8,15
1201,2,2024-02-10,Bartender,4,12
1202,2,2024-02-10,Server,7,11
1203,2,2024-02-10,Chef,10,15
1204,2,2024-02-11,Bartender,8,12
1205,2,2024-02-11,Server,8,11
1206,2,2024-02-11,Chef,6,15
1207,2,2024-02-12,Bartender,7,12
1208,2,2024-02-12,Server,6,11
1209,2,2024-02-12,Chef,7,15
1210,2,2024-02-13,Bartender,7,12
1211,2,2024-02-13,Server,7,11
1212,2,2024-02-13,Chef,9,15
1213,2,2024-02-14,Bartender,8,12
1214,2,2024-02-14,Server,10,11
1215,2,2024-02-14,Chef,10,15
1216,2,2024-02-15,Bartender,7,12
1217,2,2024-02-15,Server,8,11
1218,2,2024-02-15,Chef,8,15
1219,2,2024-02-16,Bartender,7,12
1220,2,2024-02-16,Server,9,11
1221,2,2024-02-16,Chef,9,15
1222,2,2024-02-17,Bartender,5,12
1223,2,2024-02-17,Server,8,11
1224,2,2024-02-17,Chef,6,15
1225,2,2024-02-18,Bartender,4,12
1226,2,2024-02-18,Server,7,11
1227,2,2024-02-18,Chef,10,15
1228,2,2024-02-19,Bartender,5,12
1229,2,2024-02-19,Server,10,11
1230,2,2024-02-19,Chef,8,15
1231,2,2024-02-20,Bartender,5,12
1232,2,2024-02-20,Server,7,11
1233,2,2024-02-20,Chef,6,15
1234,2,2024-02-21,Bartender,7,12
1235,2,2024-02-21,Server,7,11
1236,2,2024-02-21,Chef,6,15
1237,2,2024-02-22,Bartender,8,12
1238,2,2024-02-22,Server,6,11
1239,2,2024-02-22,Chef,9,15
1240,2,2024-02-23,Bartender,7,12
1241,2,2024-02-23,Server,10,11
1242,2,2024-02-23,Chef,9,15
1243,2,2024-02-24,Bartender,4,12
1244,2,2024-02-24,Server,9,11
1245,2,2024-02-24,Chef,9,15
1246,2,2024-02-25,Bartender,6,12
1247,2,2024-02-25,Server,7,11
1248,2,2024-02-25,Chef,9,15
1249,2,2024-02-26,Bartender,5,12
1250,2,2024-02-26,Server,7,11
1251,2,2024-02-26,Chef,7,15
1252,2,2024-02-27,Bartender,8,12
1253,2,2024-02-27,Server,10,11
1254,2,2024-02-27,Chef,7,15
1255,2,2024-02-28,Bartender,6,12
1256,2,2024-02-28,Server,7,11
1257,2,2024-02-28,Chef,8,15
1258,2,2024-02-29,Bartender,7,12
1259,2,2024-02-29,Server,8,11
1260,2,2024-02-29,Chef,7,15
1261,2,2024-03-01,Bartender,7,12
1262,2,2024-03-01,Server,6,11
1263,2,2024-03-01,Chef,9,15
1264,2,2024-03-02,Bartender,7,12
1265,2,2024-03-02,Server,6,11
1266,2,2024-03-02,Chef,8,15
1267,2,2024-03-03,Bartender,5,12
1268,2,2024-03-03,Server,9,11
1269,2,2024-03-03,Chef,6,15
1270,2,2024-03-04,Bartender,5,12
1271,2,2024-03-04,Server,10,11
1272,2,2024-03-04,Chef,7,15
1273,2,2024-03-05,Bartender,6,12
1274,2,2024-03-05,Server,10,11
1275,2,2024-03-05,Chef,9,15
1276,2,2024-03-06,Bartender,7,12
1277,2,2024-03-06,Server,6,11
1278,2,2024-03-06,Chef,9,15
1279,2,2024-03-07,Bartender,4,12
1280,2,2024-03-07,Server,9,11
1281,2,2024-03-07,Chef,6,15
1282,2,2024-03-08,Bartender,4,12
1283,2,2024-03-08,Server,8,11
1284,2,2024-03-08,Chef,10,15
1285,2,2024-03-09,Bartender,5,12
1286,2,2024-03-09,Server,10,11
1287,2,2024-03-09,Chef,6,15
1288,2,2024-03-10,Bartender,5,12
1289,2,2024-03-10,Server,10,11
1290,2,2024-03-10,Chef,6,15
1291,2,2024-03-11,Bartender,4,12
1292,2,2024-03-11,Server,10,11
1293,2,2024-03-11,Chef,9,15
1294,2,2024-03-12,Bartender,7,12
1295,2,2024-03-12,Server,9,11
1296,2,2024-03-12,Chef,6,15
1297,2,2024-03-13,Bartender,6,12
1298,2,2024-03-13,Server,6,11
1299,2,2024-03-13,Chef,8,15
1300,2,2024-03-14,Bartender,5,12
1301,2,2024-03-14,Server,9,11
1302,2,2024-03-14,Chef,7,15
1303,2,2024-03-15,Bartender,7,12
1304,2,2024-03-15,Server,6,11
1305,2,2024-03-15,Chef,7,15
1306,2,2024-03-16,Bartender,6,12
1307,2,2024-03-16,Server,9,11
1308,2,2024-03-16,Chef,10,15
1309,2,2024-03-17,Bartender,5,12
1310,2,2024-03-17,Server,8,11
1311,2,2024-03-17,Chef,10,15
1312,2,2024-03-18,Bartender,5,12
1313,2,2024-03-18,Server,6,11
1314,2,2024-03-18,Chef,7,15
1315,2,2024-03-19,Bartender,5,12
1316,2,2024-03-19,Server,8,11
1317,2,2024-03-19,Chef,8,15
1318,2,2024-03-20,Bartender,5,12
1319,2,2024-03-20,Server,6,11
1320,2,2024-03-20,Chef,9,15
1321,2,2024-03-21,Bartender,4,12
1322,2,2024-03-21,Server,8,11
1323,2,2024-03-21,Chef,9,15
1324,2,2024-03-22,Bartender,6,12
1325,2,2024-03-22,Server,10,11
1326,2,2024-03-22,Chef,10,15
1327,2,2024-03-23,Bartender,5,12
1328,2,2024-03-23,Server,7,11
1329,2,2024-03-23,Chef,8,15
1330,2,2024-03-24,Bartender,8,12
1331,2,2024-03-24,Server,9,11
1332,2,2024-03-24,Chef,6,15
1333,2,2024-03-25,Bartender,8,12
1334,2,2024-03-25,Server,8,11
1335,2,2024-03-25,Chef,10,15
1336,2,2024-03-26,Bartender,5,12
1337,2,2024-03-26,Server,8,11
1338,2,2024-03-26,Chef,8,15
1339,2,2024-03-27,Bartender,7,12
1340,2,2024-03-27,Server,8,11
1341,2,2024-03-27,Chef,10,15
1342,2,2024-03-28,Bartender,6,12
1343,2,2024-03-28,Server,9,11
1344,2,2024-03-28,Chef,9,15
1345,2,2024-03-29,Bartender,7,12
1346,2,2024-03-29,Server,7,11
1347,2,2024-03-29,Chef,8,15
1348,2,2024-03-30,Bartender,8,12
1349,2,2024-03-30,Server,6,11
1350,2,2024-03-30,Chef,6,15
1351,2,2024-03-31,Bartender,6,12
1352,2,2024-03-31,Server,6,11
1353,2,2024-03-31,Chef,7,15
1354,2,2024-04-01,Bartender,5,12
1355,2,2024-04-01,Server,9,11
1356,2,2024-04-01,Chef,10,15
1357,2,2024-04-02,Bartender,5,12
1358,2,2024-04-02,Server,9,11
1359,2,2024-04-02,Chef,8,15
1360,2,2024-04-03,Bartender,8,12
1361,2,2024-04-03,Server,9,11
1362,2,2024-04-03,Chef,7,15
1363,2,2024-04-04,Bartender,6,12
1364,2,2024-04-04,Server,7,11
1365,2,2024-04-04,Chef,7,15
1366,2,2024-04-05,Bartender,8,12
1367,2,2024-04-05,Server,10,11
1368,2,2024-04-05,Chef,10,15
1369,2,2024-04-06,Bartender,5,12
1370,2,2024-04-06,Server,10,11
1371,2,2024-04-06,Chef,9,15
1372,2,2024-04-07,Bartender,7,12
1373,2,2024-04-07,Server,9,11
1374,2,2024-04-07,Chef,8,15
1375,2,2024-04-08,Bartender,6,12
1376,2,2024-04-08,Server,10,11
1377,2,2024-04-08,Chef,10,15
1378,2,2024-04-09,Bartender,4,12
1379,2,2024-04-09,Server,10,11
1380,2,2024-04-09,Chef,7,15
1381,2,2024-04-10,Bartender,8,12
1382,2,2024-04-10,Server,8,11
1383,2,2024-04-10,Chef,8,15
1384,2,2024-04-11,Bartender,4,12
1385,2,2024-04-11,Server,7,11
1386,2,2024-04-11,Chef,7,15
1387,2,2024-04-12,Bartender,8,12
1388,2,2024-04-12,Server,7,11
1389,2,2024-04-12,Chef,10,15
1390,2,2024-04-13,Bartender,6,12
1391,2,2024-04-13,Server,8,11
1392,2,2024-04-13,Chef,7,15
1393,2,2024-04-14,Bartender,4,12
1394,2,2024-04-14,Server,10,11
1395,2,2024-04-14,Chef,8,15
1396,2,2024-04-15,Bartender,6,12
1397,2,2024-04-15,Server,9,11
1398,2,2024-04-15,Chef,6,15
1399,2,2024-04-16,Bartender,8,12
1400,2,2024-04-16,Server,8,11
1401,2,2024-04-16,Chef,6,15
1402,2,2024-04-17,Bartender,7,12
1403,2,2024-04-17,Server,9,11
1404,2,2024-04-17,Chef,9,15
1405,2,2024-04-18,Bartender,6,12
1406,2,2024-04-18,Server,10,11
1407,2,2024-04-18,Chef,10,15
1408,2,2024-04-19,Bartender,4,12
1409,2,2024-04-19,Server,7,11
1410,2,2024-04-19,Chef,10,15
1411,2,2024-04-20,Bartender,7,12
1412,2,2024-04-20,Server,6,11
1413,2,2024-04-20,Chef,6,15
1414,2,2024-04-21,Bartender,5,12
1415,2,2024-04-21,Server,9,11
1416,2,2024-04-21,Chef,7,15
1417,2,2024-04-22,Bartender,6,12
1418,2,2024-04-22,Server,9,11
1419,2,2024-04-22,Chef,8,15
1420,2,2024-04-23,Bartender,4,12
1421,2,2024-04-23,Server,10,11
1422,2,2024-04-23,Chef,7,15
1423,2,2024-04-24,Bartender,4,12
1424,2,2024-04-24,Server,7,11
1425,2,2024-04-24,Chef,7,15
1426,2,2024-04-25,Bartender,7,12
1427,2,2024-04-25,Server,10,11
1428,2,2024-04-25,Chef,8,15
1429,2,2024-04-26,Bartender,7,12
1430,2,2024-04-26,Server,6,11
1431,2,2024-04-26,Chef,8,15
1432,2,2024-04-27,Bartender,5,12
1433,2,2024-04-27,Server,6,11
1434,2,2024-04-27,Chef,6,15
1435,2,2024-04-28,Bartender,7,12
1436,2,2024-04-28,Server,7,11
1437,2,2024-04-28,Chef,9,15
1438,2,2024-04-29,Bartender,6,12
1439,2,2024-04-29,Server,7,11
1440,2,2024-04-29,Chef,8,15
1441,2,2024-04-30,Bartender,8,12
1442,2,2024-04-30,Server,6,11
1443,2,2024-04-30,Chef,10,15
1444,2,2024-05-01,Bartender,7,12
1445,2,2024-05-01,Server,7,11
1446,2,2024-05-01,Chef,7,15
1447,2,2024-05-02,Bartender,4,12
1448,2,2024-05-02,Server,9,11
1449,2,2024-05-02,Chef,10,15
1450,2,2024-05-03,Bartender,7,12
1451,2,2024-05-03,Server,8,11
1452,2,2024-05-03,Chef,8,15
1453,2,2024-05-04,Bartender,6,12
1454,2,2024-05-04,Server,8,11
1455,2,2024-05-04,Chef,6,15
1456,2,2024-05-05,Bartender,8,12
1457,2,2024-05-05,Server,7,11
1458,2,2024-05-05,Chef,9,15
1459,2,2024-05-06,Bartender,5,12
1460,2,2024-05-06,Server,8,11
1461,2,2024-05-06,Chef,10,15
1462,2,2024-05-07,Bartender,8,12
1463,2,2024-05-07,Server,7,11
1464,2,2024-05-07,Chef,7,15
1465,2,2024-05-08,Bartender,6,12
1466,2,2024-05-08,Server,6,11
1467,2,2024-05-08,Chef,9,15
1468,2,2024-05-09,Bartender,8,12
1469,2,2024-05-09,Server,7,11
1470,2,2024-05-09,Chef,7,15
1471,2,2024-05-10,Bartender,6,12
1472,2,2024-05-10,Server,10,11
1473,2,2024-05-10,Chef,9,15
1474,2,2024-05-11,Bartender,7,12
1475,2,2024-05-11,Server,10,11
1476,2,2024-05-11,Chef,10,15
1477,2,2024-05-12,Bartender,7,12
1478,2,2024-05-12,Server,10,11
1479,2,2024-05-12,Chef,9,15
1480,2,2024-05-13,Bartender,4,12
1481,2,2024-05-13,Server,6,11
1482,2,2024-05-13,Chef,6,15
1483,2,2024-05-14,Bartender,5,12
1484,2,2024-05-14,Server,6,11
1485,2,2024-05-14,Chef,9,15
1486,2,2024-05-15,Bartender,8,12
1487,2,2024-05-15,Server,10,11
1488,2,2024-05-15,Chef,6,15
1489,2,2024-05-16,Bartender,5,12
1490,2,2024-05-16,Server,10,11
1491,2,2024-05-16,Chef,10,15
1492,2,2024-05-17,Bartender,5,12
1493,2,2024-05-17,Server,7,11
1494,2,2024-05-17,Chef,6,15
1495,2,2024-05-18,Bartender,4,12
1496,2,2024-05-18,Server,8,11
1497,2,2024-05-18,Chef,7,15
1498,2,2024-05-19,Bartender,4,12
1499,2,2024-05-19,Server,9,11
1500,2,2024-05-19,Chef,7,15
1501,2,2024-05-20,Bartender,6,12
1502,2,2024-05-20,Server,10,11
1503,2,2024-05-20,Chef,8,15
1504,2,2024-05-21,Bartender,8,12
1505,2,2024-05-21,Server,10,11
1506,2,2024-05-21,Chef,7,15
1507,2,2024-05-22,Bartender,8,12
1508,2,2024-05-22,Server,8,11
1509,2,2024-05-22,Chef,8,15
1510,2,2024-05-23,Bartender,4,12
1511,2,2024-05-23,Server,8,11
1512,2,2024-05-23,Chef,8,15
1513,2,2024-05-24,Bartender,5,12
1514,2,2024-05-24,Server,6,11
1515,2,2024-05-24,Chef,9,15
1516,2,2024-05-25,Bartender,7,12
1517,2,2024-05-25,Server,6,11
1518,2,2024-05-25,Chef,7,15
1519,2,2024-05-26,Bartender,7,12
1520,2,2024-05-26,Server,6,11
1521,2,2024-05-26,Chef,7,15
1522,2,2024-05-27,Bartender,8,12
1523,2,2024-05-27,Server,7,11
1524,2,2024-05-27,Chef,8,15
1525,2,2024-05-28,Bartender,6,12
1526,2,2024-05-28,Server,6,11
1527,2,2024-05-28,Chef,8,15
1528,2,2024-05-29,Bartender,4,12
1529,2,2024-05-29,Server,10,11
1530,2,2024-05-29,Chef,8,15
1531,2,2024-05-30,Bartender,4,12
1532,2,2024-05-30,Server,9,11
1533,2,2024-05-30,Chef,6,15
1534,2,2024-05-31,Bartender,6,12
1535,2,2024-05-31,Server,6,11
1536,2,2024-05-31,Chef,8,15
1537,2,2024-06-01,Bartender,4,12
1538,2,2024-06-01,Server,10,11
1539,2,2024-06-01,Chef,7,15
1540,2,2024-06-02,Bartender,4,12
1541,2,2024-06-02,Server,7,11
1542,2,2024-06-02,Chef,8,15
1543,2,2024-06-03,Bartender,5,12
1544,2,2024-06-03,Server,6,11
1545,2,2024-06-03,Chef,7,15
1546,2,2024-06-04,Bartender,4,12
1547,2,2024-06-04,Server,10,11
1548,2,2024-06-04,Chef,6,15
1549,2,2024-06-05,Bartender,6,12
1550,2,2024-06-05,Server,8,11
1551,2,2024-06-05,Chef,7,15
1552,2,2024-06-06,Bartender,8,12
1553,2,2024-06-06,Server,10,11
1554,2,2024-06-06,Chef,10,15
1555,2,2024-06-07,Bartender,6,12
1556,2,2024-06-07,Server,8,11
1557,2,2024-06-07,Chef,7,15
1558,2,2024-06-08,Bartender,7,12
1559,2,2024-06-08,Server,7,11
1560,2,2024-06-08,Chef,9,15
1561,2,2024-06-09,Bartender,4,12
1562,2,2024-06-09,Server,8,11
1563,2,2024-06-09,Chef,9,15
1564,2,2024-06-10,Bartender,6,12
1565,2,2024-06-10,Server,10,11
1566,2,2024-06-10,Chef,8,15
1567,2,2024-06-11,Bartender,6,12
1568,2,2024-06-11,Server,6,11
1569,2,2024-06-11,Chef,10,15
1570,2,2024-06-12,Bartender,4,12
1571,2,2024-06-12,Server,6,11
1572,2,2024-06-12,Chef,9,15
1573,2,2024-06-13,Bartender,4,12
1574,2,2024-06-13,Server,7,11
1575,2,2024-06-13,Chef,6,15
1576,2,2024-06-14,Bartender,7,12
1577,2,2024-06-14,Server,7,11
1578,2,2024-06-14,Chef,10,15
1579,2,2024-06-15,Bartender,7,12
1580,2,2024-06-15,Server,6,11
1581,2,2024-06-15,Chef,6,15
1582,2,2024-06-16,Bartender,5,12
1583,2,2024-06-16,Server,7,11
1584,2,2024-06-16,Chef,6,15
1585,2,2024-06-17,Bartender,4,12
1586,2,2024-06-17,Server,10,11
1587,2,2024-06-17,Chef,7,15
1588,2,2024-06-18,Bartender,8,12
1589,2,2024-06-18,Server,10,11
1590,2,2024-06-18,Chef,10,15
1591,2,2024-06-19,Bartender,4,12
1592,2,2024-06-19,Server,10,11
1593,2,2024-06-19,Chef,7,15
1594,2,2024-06-20,Bartender,7,12
1595,2,2024-06-20,Server,10,11
1596,2,2024-06-20,Chef,8,15
1597,2,2024-06-21,Bartender,4,12
1598,2,2024-06-21,Server,7,11
1599,2,2024-06-21,Chef,7,15
1600,2,2024-06-22,Bartender,4,12
1601,2,2024-06-22,Server,10,11
1602,2,2024-06-22,Chef,7,15
1603,2,2024-06-23,Bartender,5,12
1604,2,2024-06-23,Server,9,11
1605,2,2024-06-23,Chef,7,15
1606,2,2024-06-24,Bartender,8,12
1607,2,2024-06-24,Server,7,11
1608,2,2024-06-24,Chef,10,15
1609,2,2024-06-25,Bartender,4,12
1610,2,2024-06-25,Server,8,11
1611,2,2024-06-25,Chef,6,15
1612,2,2024-06-26,Bartender,7,12
1613,2,2024-06-26,Server,7,11
1614,2,2024-06-26,Chef,8,15
1615,2,2024-06-27,Bartender,5,12
1616,2,2024-06-27,Server,6,11
1617,2,2024-06-27,Chef,7,15
1618,2,2024-06-28,Bartender,6,12
1619,2,2024-06-28,Server,8,11
1620,2,2024-06-28,Chef,9,15
1621,2,2024-06-29,Bartender,4,12
1622,2,2024-06-29,Server,10,11
1623,2,2024-06-29,Chef,7,15
1624,2,2024-06-30,Bartender,7,12
1625,2,2024-06-30,Server,8,11
1626,2,2024-06-30,Chef,10,15
1627,2,2024-07-01,Bartender,8,12
1628,2,2024-07-01,Server,6,11
1629,2,2024-07-01,Chef,6,15
1630,2,2024-07-02,Bartender,8,12
1631,2,2024-07-02,Server,7,11
1632,2,2024-07-02,Chef,7,15
1633,2,2024-07-03,Bartender,5,12
1634,2,2024-07-03,Server,7,11
1635,2,2024-07-03,Chef,7,15
1636,2,2024-07-04,Bartender,7,12
1637,2,2024-07-04,Server,9,11
1638,2,2024-07-04,Chef,7,15
1639,2,2024-07-05,Bartender,4,12
1640,2,2024-07-05,Server,9,11
1641,2,2024-07-05,Chef,7,15
1642,2,2024-07-06,Bartender,8,12
1643,2,2024-07-06,Server,10,11
1644,2,2024-07-06,Chef,8,15
1645,2,2024-07-07,Bartender,4,12
1646,2,2024-07-07,Server,6,11
1647,2,2024-07-07,Chef,7,15
1648,2,2024-07-08,Bartender,7,12
1649,2,2024-07-08,Server,8,11
1650,2,2024-07-08,Chef,6,15
1651,2,2024-07-09,Bartender,8,12
1652,2,2024-07-09,Server,10,11
1653,2,2024-07-09,Chef,8,15
1654,2,2024-07-10,Bartender,8,12
1655,2,2024-07-10,Server,9,11
1656,2,2024-07-10,Chef,9,15
1657,2,2024-07-11,Bartender,4,12
1658,2,2024-07-11,Server,8,11
1659,2,2024-07-11,Chef,6,15
1660,2,2024-07-12,Bartender,4,12
1661,2,2024-07-12,Server,7,11
1662,2,2024-07-12,Chef,7,15
1663,2,2024-07-13,Bartender,4,12
1664,2,2024-07-13,Server,8,11
1665,2,2024-07-13,Chef,9,15
1666,2,2024-07-14,Bartender,7,12
1667,2,2024-07-14,Server,10,11
1668,2,2024-07-14,Chef,9,15
1669,2,2024-07-15,Bartender,4,12
1670,2,2024-07-15,Server,9,11
1671,2,2024-07-15,Chef,8,15
1672,2,2024-07-16,Bartender,7,12
1673,2,2024-07-16,Server,6,11
1674,2,2024-07-16,Chef,9,15
1675,2,2024-07-17,Bartender,6,12
1676,2,2024-07-17,Server,6,11
1677,2,2024-07-17,Chef,6,15
1678,2,2024-07-18,Bartender,6,12
1679,2,2024-07-18,Server,8,11
1680,2,2024-07-18,Chef,6,15
1681,2,2024-07-19,Bartender,6,12
1682,2,2024-07-19,Server,10,11
1683,2,2024-07-19,Chef,9,15
1684,2,2024-07-20,Bartender,5,12
1685,2,2024-07-20,Server,6,11
1686,2,2024-07-20,Chef,7,15
1687,2,2024-07-21,Bartender,8,12
1688,2,2024-07-21,Server,6,11
1689,2,2024-07-21,Chef,7,15
1690,2,2024-07-22,Bartender,5,12
1691,2,2024-07-22,Server,9,11
1692,2,2024-07-22,Chef,6,15
1693,2,2024-07-23,Bartender,4,12
1694,2,2024-07-23,Server,10,11
1695,2,2024-07-23,Chef,10,15
1696,2,2024-07-24,Bartender,5,12
1697,2,2024-07-24,Server,9,11
1698,2,2024-07-24,Chef,10,15
1699,2,2024-07-25,Bartender,8,12
1700,2,2024-07-25,Server,7,11
1701,2,2024-07-25,Chef,9,15
1702,2,2024-07-26,Bartender,7,12
1703,2,2024-07-26,Server,9,11
1704,2,2024-07-26,Chef,6,15
1705,2,2024-07-27,Bartender,4,12
1706,2,2024-07-27,Server,7,11
1707,2,2024-07-27,Chef,7,15
1708,2,2024-07-28,Bartender,7,12
1709,2,2024-07-28,Server,10,11
1710,2,2024-07-28,Chef,10,15
1711,2,2024-07-29,Bartender,6,12
1712,2,2024-07-29,Server,6,11
1713,2,2024-07-29,Chef,9,15
1714,2,2024-07-30,Bartender,6,12
1715,2,2024-07-30,Server,6,11
1716,2,2024-07-30,Chef,9,15
1717,2,2024-07-31,Bartender,4,12
1718,2,2024-07-31,Server,8,11
1719,2,2024-07-31,Chef,10,15
1720,2,2024-08-01,Bartender,7,12
1721,2,2024-08-01,Server,9,11
1722,2,2024-08-01,Chef,10,15
1723,2,2024-08-02,Bartender,8,12
1724,2,2024-08-02,Server,10,11
1725,2,2024-08-02,Chef,8,15
1726,2,2024-08-03,Bartender,7,12
1727,2,2024-08-03,Server,10,11
1728,2,2024-08-03,Chef,9,15
1729,2,2024-08-04,Bartender,7,12
1730,2,2024-08-04,Server,10,11
1731,2,2024-08-04,Chef,6,15
1732,2,2024-08-05,Bartender,7,12
1733,2,2024-08-05,Server,9,11
1734,2,2024-08-05,Chef,9,15
1735,2,2024-08-06,Bartender,6,12
1736,2,2024-08-06,Server,10,11
1737,2,2024-08-06,Chef,6,15
1738,2,2024-08-07,Bartender,8,12
1739,2,2024-08-07,Server,8,11
1740,2,2024-08-07,Chef,6,15
1741,2,2024-08-08,Bartender,4,12
1742,2,2024-08-08,Server,6,11
1743,2,2024-08-08,Chef,8,15
1744,2,2024-08-09,Bartender,5,12
1745,2,2024-08-09,Server,6,11
1746,2,2024-08-09,Chef,7,15
1747,2,2024-08-10,Bartender,8,12
1748,2,2024-08-10,Server,9,11
1749,2,2024-08-10,Chef,9,15
1750,2,2024-08-11,Bartender,6,12
1751,2,2024-08-11,Server,10,11
1752,2,2024-08-11,Chef,7,15
1753,2,2024-08-12,Bartender,7,12
1754,2,2024-08-12,Server,6,11
1755,2,2024-08-12,Chef,7,15
1756,2,2024-08-13,Bartender,4,12
1757,2,2024-08-13,Server,9,11
1758,2,2024-08-13,Chef,9,15
1759,2,2024-08-14,Bartender,8,12
1760,2,2024-08-14,Server,10,11
1761,2,2024-08-14,Chef,7,15
1762,2,2024-08-15,Bartender,5,12
1763,2,2024-08-15,Server,6,11
1764,2,2024-08-15,Chef,10,15
1765,2,2024-08-16,Bartender,7,12
1766,2,2024-08-16,Server,6,11
1767,2,2024-08-16,Chef,9,15
1768,2,2024-08-17,Bartender,8,12
1769,2,2024-08-17,Server,8,11
1770,2,2024-08-17,Chef,6,15
1771,2,2024-08-18,Bartender,6,12
1772,2,2024-08-18,Server,10,11
1773,2,2024-08-18,Chef,8,15
1774,2,2024-08-19,Bartender,6,12
1775,2,2024-08-19,Server,6,11
1776,2,2024-08-19,Chef,8,15
1777,2,2024-08-20,Bartender,5,12
1778,2,2024-08-20,Server,7,11
1779,2,2024-08-20,Chef,7,15
1780,2,2024-08-21,Bartender,4,12
1781,2,2024-08-21,Server,6,11
1782,2,2024-08-21,Chef,7,15
1783,2,2024-08-22,Bartender,6,12
1784,2,2024-08-22,Server,10,11
1785,2,2024-08-22,Chef,7,15
1786,2,2024-08-23,Bartender,7,12
1787,2,2024-08-23,Server,9,11
1788,2,2024-08-23,Chef,7,15
1789,2,2024-08-24,Bartender,4,12
1790,2,2024-08-24,Server,7,11
1791,2,2024-08-24,Chef,6,15
1792,2,2024-08-25,Bartender,5,12
1793,2,2024-08-25,Server,6,11
1794,2,2024-08-25,Chef,9,15
1795,2,2024-08-26,Bartender,7,12
1796,2,2024-08-26,Server,6,11
1797,2,2024-08-26,Chef,8,15
1798,2,2024-08-27,Bartender,4,12
1799,2,2024-08-27,Server,9,11
1800,2,2024-08-27,Chef,7,15
1801,2,2024-08-28,Bartender,8,12
1802,2,2024-08-28,Server,9,11
1803,2,2024-08-28,Chef,7,15
1804,2,2024-08-29,Bartender,5,12
1805,2,2024-08-29,Server,9,11
1806,2,2024-08-29,Chef,10,15
1807,2,2024-08-30,Bartender,4,12
1808,2,2024-08-30,Server,6,11
1809,2,2024-08-30,Chef,9,15
1810,2,2024-08-31,Bartender,4,12
1811,2,2024-08-31,Server,8,11
1812,2,2024-08-31,Chef,7,15
1813,2,2024-09-01,Bartender,7,12
1814,2,2024-09-01,Server,6,11
1815,2,2024-09-01,Chef,8,15
1816,2,2024-09-02,Bartender,7,12
1817,2,2024-09-02,Server,7,11
1818,2,2024-09-02,Chef,7,15
1819,2,2024-09-03,Bartender,5,12
1820,2,2024-09-03,Server,9,11
1821,2,2024-09-03,Chef,8,15
1822,2,2024-09-04,Bartender,5,12
1823,2,2024-09-04,Server,10,11
1824,2,2024-09-04,Chef,7,15
1825,2,2024-09-05,Bartender,5,12
1826,2,2024-09-05,Server,7,11
1827,2,2024-09-05,Chef,6,15
1828,2,2024-09-06,Bartender,6,12
1829,2,2024-09-06,Server,6,11
1830,2,2024-09-06,Chef,9,15
1831,2,2024-09-07,Bartender,7,12
1832,2,2024-09-07,Server,10,11
1833,2,2024-09-07,Chef,6,15
1834,2,2024-09-08,Bartender,8,12
1835,2,2024-09-08,Server,6,11
1836,2,2024-09-08,Chef,9,15
1837,2,2024-09-09,Bartender,7,12
1838,2,2024-09-09,Server,6,11
1839,2,2024-09-09,Chef,9,15
1840,2,2024-09-10,Bartender,7,12
1841,2,2024-09-10,Server,7,11
1842,2,2024-09-10,Chef,8,15
1843,2,2024-09-11,Bartender,8,12
1844,2,2024-09-11,Server,9,11
1845,2,2024-09-11,Chef,8,15
1846,2,2024-09-12,Bartender,4,12
1847,2,2024-09-12,Server,6,11
1848,2,2024-09-12,Chef,8,15
1849,2,2024-09-13,Bartender,5,12
1850,2,2024-09-13,Server,10,11
1851,2,2024-09-13,Chef,6,15
1852,2,2024-09-14,Bartender,8,12
1853,2,2024-09-14,Server,8,11
1854,2,2024-09-14,Chef,10,15
1855,2,2024-09-15,Bartender,4,12
1856,2,2024-09-15,Server,7,11
1857,2,2024-09-15,Chef,8,15
1858,2,2024-09-16,Bartender,8,12
1859,2,2024-09-16,Server,6,11
1860,2,2024-09-16,Chef,8,15
1861,2,2024-09-17,Bartender,8,12
1862,2,2024-09-17,Server,7,11
1863,2,2024-09-17,Chef,10,15
1864,2,2024-09-18,Bartender,8,12
1865,2,2024-09-18,Server,6,11
1866,2,2024-09-18,Chef,9,15
1867,2,2024-09-19,Bartender,6,12
1868,2,2024-09-19,Server,7,11
1869,2,2024-09-19,Chef,10,15
1870,2,2024-09-20,Bartender,5,12
1871,2,2024-09-20,Server,9,11
1872,2,2024-09-20,Chef,10,15
1873,2,2024-09-21,Bartender,4,12
1874,2,2024-09-21,Server,9,11
1875,2,2024-09-21,Chef,6,15
1876,2,2024-09-22,Bartender,6,12
1877,2,2024-09-22,Server,9,11
1878,2,2024-09-22,Chef,8,15
1879,2,2024-09-23,Bartender,4,12
1880,2,2024-09-23,Server,10,11
1881,2,2024-09-23,Chef,6,15
1882,2,2024-09-24,Bartender,6,12
1883,2,2024-09-24,Server,8,11
1884,2,2024-09-24,Chef,9,15
1885,2,2024-09-25,Bartender,5,12
1886,2,2024-09-25,Server,7,11
1887,2,2024-09-25,Chef,8,15
1888,2,2024-09-26,Bartender,8,12
1889,2,2024-09-26,Server,6,11
1890,2,2024-09-26,Chef,10,15
1891,2,2024-09-27,Bartender,6,12
1892,2,2024-09-27,Server,6,11
1893,2,2024-09-27,Chef,8,15
1894,2,2024-09-28,Bartender,8,12
1895,2,2024-09-28,Server,7,11
1896,2,2024-09-28,Chef,10,15
1897,2,2024-09-29,Bartender,8,12
1898,2,2024-09-29,Server,6,11
1899,2,2024-09-29,Chef,9,15
1900,2,2024-09-30,Bartender,4,12
1901,2,2024-09-30,Server,9,11
1902,2,2024-09-30,Chef,9,15
1903,2,2024-10-01,Bartender,8,12
1904,2,2024-10-01,Server,10,11
1905,2,2024-10-01,Chef,6,15
1906,2,2024-10-02,Bartender,4,12
1907,2,2024-10-02,Server,6,11
1908,2,2024-10-02,Chef,9,15
1909,2,2024-10-03,Bartender,5,12
1910,2,2024-10-03,Server,8,11
1911,2,2024-10-03,Chef,6,15
1912,2,2024-10-04,Bartender,7,12
1913,2,2024-10-04,Server,8,11
1914,2,2024-10-04,Chef,8,15
1915,2,2024-10-05,Bartender,5,12
1916,2,2024-10-05,Server,6,11
1917,2,2024-10-05,Chef,7,15
1918,2,2024-10-06,Bartender,4,12
1919,2,2024-10-06,Server,7,11
1920,2,2024-10-06,Chef,7,15
1921,2,2024-10-07,Bartender,6,12
1922,2,2024-10-07,Server,6,11
1923,2,2024-10-07,Chef,10,15
1924,2,2024-10-08,Bartender,6,12
1925,2,2024-10-08,Server,10,11
1926,2,2024-10-08,Chef,6,15
1927,2,2024-10-09,Bartender,5,12
1928,2,2024-10-09,Server,10,11
1929,2,2024-10-09,Chef,7,15
1930,2,2024-10-10,Bartender,7,12
1931,2,2024-10-10,Server,7,11
1932,2,2024-10-10,Chef,9,15
1933,2,2024-10-11,Bartender,6,12
1934,2,2024-10-11,Server,10,11
1935,2,2024-10-11,Chef,10,15
1936,2,2024-10-12,Bartender,7,12
1937,2,2024-10-12,Server,7,11
1938,2,2024-10-12,Chef,7,15
1939,2,2024-10-13,Bartender,6,12
1940,2,2024-10-13,Server,7,11
1941,2,2024-10-13,Chef,7,15
1942,2,2024-10-14,Bartender,5,12
1943,2,2024-10-14,Server,10,11
1944,2,2024-10-14,Chef,10,15
1945,2,2024-10-15,Bartender,7,12
1946,2,2024-10-15,Server,7,11
1947,2,2024-10-15,Chef,9,15
1948,2,2024-10-16,Bartender,8,12
1949,2,2024-10-16,Server,9,11
1950,2,2024-10-16,Chef,9,15
1951,2,2024-10-17,Bartender,4,12
1952,2,2024-10-17,Server,7,11
1953,2,2024-10-17,Chef,6,15
1954,2,2024-10-18,Bartender,4,12
1955,2,2024-10-18,Server,9,11
1956,2,2024-10-18,Chef,9,15
1957,2,2024-10-19,Bartender,8,12
1958,2,2024-10-19,Server,10,11
1959,2,2024-10-19,Chef,6,15
1960,2,2024-10-20,Bartender,7,12
1961,2,2024-10-20,Server,10,11
1962,2,2024-10-20,Chef,7,15
1963,2,2024-10-21,Bartender,8,12
1964,2,2024-10-21,Server,8,11
1965,2,2024-10-21,Chef,9,15
1966,2,2024-10-22,Bartender,5,12
1967,2,2024-10-22,Server,9,11
1968,2,2024-10-22,Chef,9,15
1969,2,2024-10-23,Bartender,4,12
1970,2,2024-10-23,Server,6,11
1971,2,2024-10-23,Chef,8,15
1972,2,2024-10-24,Bartender,6,12
1973,2,2024-10-24,Server,7,11
1974,2,2024-10-24,Chef,8,15
1975,2,2024-10-25,Bartender,8,12
1976,2,2024-10-25,Server,8,11
1977,2,2024-10-25,Chef,10,15
1978,2,2024-10-26,Bartender,5,12
1979,2,2024-10-26,Server,6,11
1980,2,2024-10-26,Chef,10,15
1981,2,2024-10-27,Bartender,5,12
1982,2,2024-10-27,Server,9,11
1983,2,2024-10-27,Chef,9,15
1984,2,2024-10-28,Bartender,7,12
1985,2,2024-10-28,Server,8,11
1986,2,2024-10-28,Chef,8,15
1987,2,2024-10-29,Bartender,4,12
1988,2,2024-10-29,Server,10,11
1989,2,2024-10-29,Chef,6,15
1990,2,2024-10-30,Bartender,8,12
1991,2,2024-10-30,Server,6,11
1992,2,2024-10-30,Chef,8,15
1993,2,2024-10-31,Bartender,4,12
1994,2,2024-10-31,Server,10,11
1995,2,2024-10-31,Chef,10,15
1996,2,2024-11-01,Bartender,5,12
1997,2,2024-11-01,Server,6,11
1998,2,2024-11-01,Chef,8,15
1999,2,2024-11-02,Bartender,5,12
2000,2,2024-11-02,Server,9,11
2001,2,2024-11-02,Chef,9,15
2002,2,2024-11-03,Bartender,6,12
2003,2,2024-11-03,Server,9,11
2004,2,2024-11-03,Chef,9,15
2005,2,2024-11-04,Bartender,7,12
2006,2,2024-11-04,Server,9,11
2007,2,2024-11-04,Chef,7,15
2008,2,2024-11-05,Bartender,4,12
2009,2,2024-11-05,Server,6,11
2010,2,2024-11-05,Chef,8,15
2011,2,2024-11-06,Bartender,7,12
2012,2,2024-11-06,Server,7,11
2013,2,2024-11-06,Chef,10,15
2014,2,2024-11-07,Bartender,5,12
2015,2,2024-11-07,Server,7,11
2016,2,2024-11-07,Chef,7,15
2017,2,2024-11-08,Bartender,5,12
2018,2,2024-11-08,Server,10,11
2019,2,2024-11-08,Chef,10,15
2020,2,2024-11-09,Bartender,7,12
2021,2,2024-11-09,Server,8,11
2022,2,2024-11-09,Chef,6,15
2023,2,2024-11-10,Bartender,7,12
2024,2,2024-11-10,Server,10,11
2025,2,2024-11-10,Chef,9,15
2026,2,2024-11-11,Bartender,5,12
2027,2,2024-11-11,Server,8,11
2028,2,2024-11-11,Chef,6,15
2029,2,2024-11-12,Bartender,5,12
2030,2,2024-11-12,Server,7,11
2031,2,2024-11-12,Chef,6,15
2032,2,2024-11-13,Bartender,4,12
2033,2,2024-11-13,Server,10,11
2034,2,2024-11-13,Chef,8,15
2035,2,2024-11-14,Bartender,6,12
2036,2,2024-11-14,Server,8,11
2037,2,2024-11-14,Chef,10,15
2038,2,2024-11-15,Bartender,4,12
2039,2,2024-11-15,Server,8,11
2040,2,2024-11-15,Chef,6,15
2041,2,2024-11-16,Bartender,8,12
2042,2,2024-11-16,Server,6,11
2043,2,2024-11-16,Chef,7,15
2044,2,2024-11-17,Bartender,4,12
2045,2,2024-11-17,Server,7,11
2046,2,2024-11-17,Chef,7,15
2047,2,2024-11-18,Bartender,7,12
2048,2,2024-11-18,Server,10,11
2049,2,2024-11-18,Chef,6,15
2050,2,2024-11-19,Bartender,4,12
2051,2,2024-11-19,Server,9,11
2052,2,2024-11-19,Chef,7,15
2053,2,2024-11-20,Bartender,5,12
2054,2,2024-11-20,Server,7,11
2055,2,2024-11-20,Chef,8,15
2056,2,2024-11-21,Bartender,4,12
2057,2,2024-11-21,Server,10,11
2058,2,2024-11-21,Chef,9,15
2059,2,2024-11-22,Bartender,6,12
2060,2,2024-11-22,Server,10,11
2061,2,2024-11-22,Chef,10,15
2062,2,2024-11-23,Bartender,4,12
2063,2,2024-11-23,Server,10,11
2064,2,2024-11-23,Chef,6,15
2065,2,2024-11-24,Bartender,4,12
2066,2,2024-11-24,Server,10,11
2067,2,2024-11-24,Chef,7,15
2068,2,2024-11-25,Bartender,4,12
2069,2,2024-11-25,Server,10,11
2070,2,2024-11-25,Chef,6,15
2071,2,2024-11-26,Bartender,7,12
2072,2,2024-11-26,Server,8,11
2073,2,2024-11-26,Chef,10,15
2074,2,2024-11-27,Bartender,5,12
2075,2,2024-11-27,Server,10,11
2076,2,2024-11-27,Chef,9,15
2077,2,2024-11-28,Bartender,8,12
2078,2,2024-11-28,Server,10,11
2079,2,2024-11-28,Chef,7,15
2080,2,2024-11-29,Bartender,8,12
2081,2,2024-11-29,Server,8,11
2082,2,2024-11-29,Chef,10,15
2083,2,2024-11-30,Bartender,4,12
2084,2,2024-11-30,Server,8,11
2085,2,2024-11-30,Chef,7,15
2086,2,2024-12-01,Bartender,5,12
2087,2,2024-12-01,Server,9,11
2088,2,2024-12-01,Chef,10,15
2089,2,2024-12-02,Bartender,6,12
2090,2,2024-12-02,Server,9,11
2091,2,2024-12-02,Chef,10,15
2092,2,2024-12-03,Bartender,5,12
2093,2,2024-12-03,Server,10,11
2094,2,2024-12-03,Chef,10,15
2095,2,2024-12-04,Bartender,7,12
2096,2,2024-12-04,Server,7,11
2097,2,2024-12-04,Chef,10,15
2098,2,2024-12-05,Bartender,6,12
2099,2,2024-12-05,Server,10,11
2100,2,2024-12-05,Chef,8,15
2101,2,2024-12-06,Bartender,7,12
2102,2,2024-12-06,Server,7,11
2103,2,2024-12-06,Chef,8,15
2104,2,2024-12-07,Bartender,5,12
2105,2,2024-12-07,Server,7,11
2106,2,2024-12-07,Chef,9,15
2107,2,2024-12-08,Bartender,5,12
2108,2,2024-12-08,Server,7,11
2109,2,2024-12-08,Chef,10,15
2110,2,2024-12-09,Bartender,6,12
2111,2,2024-12-09,Server,7,11
2112,2,2024-12-09,Chef,7,15
2113,2,2024-12-10,Bartender,4,12
2114,2,2024-12-10,Server,8,11
2115,2,2024-12-10,Chef,7,15
2116,2,2024-12-11,Bartender,4,12
2117,2,2024-12-11,Server,6,11
2118,2,2024-12-11,Chef,8,15
2119,2,2024-12-12,Bartender,6,12
2120,2,2024-12-12,Server,10,11
2121,2,2024-12-12,Chef,7,15
2122,2,2024-12-13,Bartender,5,12
2123,2,2024-12-13,Server,6,11
2124,2,2024-12-13,Chef,7,15
2125,2,2024-12-14,Bartender,8,12
2126,2,2024-12-14,Server,7,11
2127,2,2024-12-14,Chef,7,15
2128,2,2024-12-15,Bartender,8,12
2129,2,2024-12-15,Server,9,11
2130,2,2024-12-15,Chef,7,15
2131,2,2024-12-16,Bartender,4,12
2132,2,2024-12-16,Server,8,11
2133,2,2024-12-16,Chef,7,15
2134,2,2024-12-17,Bartender,7,12
2135,2,2024-12-17,Server,7,11
2136,2,2024-12-17,Chef,6,15
2137,2,2024-12-18,Bartender,7,12
2138,2,2024-12-18,Server,10,11
2139,2,2024-12-18,Chef,9,15
2140,2,2024-12-19,Bartender,5,12
2141,2,2024-12-19,Server,8,11
2142,2,2024-12-19,Chef,10,15
2143,2,2024-12-20,Bartender,6,12
2144,2,2024-12-20,Server,7,11
2145,2,2024-12-20,Chef,9,15
2146,2,2024-12-21,Bartender,8,12
2147,2,2024-12-21,Server,9,11
2148,2,2024-12-21,Chef,7,15
2149,2,2024-12-22,Bartender,8,12
2150,2,2024-12-22,Server,10,11
2151,2,2024-12-22,Chef,9,15
2152,2,2024-12-23,Bartender,8,12
2153,2,2024-12-23,Server,9,11
2154,2,2024-12-23,Chef,7,15
2155,2,2024-12-24,Bartender,4,12
2156,2,2024-12-24,Server,6,11
2157,2,2024-12-24,Chef,9,15
2158,2,2024-12-25,Bartender,5,12
2159,2,2024-12-25,Server,7,11
2160,2,2024-12-25,Chef,6,15
2161,3,2024-01-01,Bartender,5,12
2162,3,2024-01-01,Server,6,11
2163,3,2024-01-01,Chef,7,15
2164,3,2024-01-02,Bartender,8,12
2165,3,2024-01-02,Server,7,11
2166,3,2024-01-02,Chef,8,15
2167,3,2024-01-03,Bartender,5,12
2168,3,2024-01-03,Server,8,11
2169,3,2024-01-03,Chef,9,15
2170,3,2024-01-04,Bartender,6,12
2171,3,2024-01-04,Server,8,11
2172,3,2024-01-04,Chef,7,15
2173,3,2024-01-05,Bartender,7,12
2174,3,2024-01-05,Server,9,11
2175,3,2024-01-05,Chef,8,15
2176,3,2024-01-06,Bartender,5,12
2177,3,2024-01-06,Server,9,11
2178,3,2024-01-06,Chef,6,15
2179,3,2024-01-07,Bartender,5,12
2180,3,2024-01-07,Server,8,11
2181,3,2024-01-07,Chef,7,15
2182,3,2024-01-08,Bartender,4,12
2183,3,2024-01-08,Server,6,11
2184,3,2024-01-08,Chef,9,15
2185,3,2024-01-09,Bartender,7,12
2186,3,2024-01-09,Server,9,11
2187,3,2024-01-09,Chef,9,15
2188,3,2024-01-10,Bartender,4,12
2189,3,2024-01-10,Server,8,11
2190,3,2024-01-10,Chef,8,15
2191,3,2024-01-11,Bartender,6,12
2192,3,2024-01-11,Server,9,11
2193,3,2024-01-11,Chef,7,15
2194,3,2024-01-12,Bartender,5,12
2195,3,2024-01-12,Server,7,11
2196,3,2024-01-12,Chef,10,15
2197,3,2024-01-13,Bartender,8,12
2198,3,2024-01-13,Server,8,11
2199,3,2024-01-13,Chef,9,15
2200,3,2024-01-14,Bartender,5,12
2201,3,2024-01-14,Server,10,11
2202,3,2024-01-14,Chef,9,15
2203,3,2024-01-15,Bartender,5,12
2204,3,2024-01-15,Server,6,11
2205,3,2024-01-15,Chef,9,15
2206,3,2024-01-16,Bartender,5,12
2207,3,2024-01-16,Server,6,11
2208,3,2024-01-16,Chef,6,15
2209,3,2024-01-17,Bartender,5,12
2210,3,2024-01-17,Server,9,11
2211,3,2024-01-17,Chef,7,15
2212,3,2024-01-18,Bartender,8,12
2213,3,2024-01-18,Server,8,11
2214,3,2024-01-18,Chef,9,15
2215,3,2024-01-19,Bartender,6,12
2216,3,2024-01-19,Server,9,11
2217,3,2024-01-19,Chef,8,15
2218,3,2024-01-20,Bartender,6,12
2219,3,2024-01-20,Server,10,11
2220,3,2024-01-20,Chef,7,15
2221,3,2024-01-21,Bartender,6,12
2222,3,2024-01-21,Server,10,11
2223,3,2024-01-21,Chef,8,15
2224,3,2024-01-22,Bartender,8,12
2225,3,2024-01-22,Server,9,11
2226,3,2024-01-22,Chef,9,15
2227,3,2024-01-23,Bartender,7,12
2228,3,2024-01-23,Server,10,11
2229,3,2024-01-23,Chef,6,15
2230,3,2024-01-24,Bartender,8,12
2231,3,2024-01-24,Server,6,11
2232,3,2024-01-24,Chef,9,15
2233,3,2024-01-25,Bartender,6,12
2234,3,2024-01-25,Server,7,11
2235,3,2024-01-25,Chef,10,15
2236,3,2024-01-26,Bartender,5,12
2237,3,2024-01-26,Server,6,11
2238,3,2024-01-26,Chef,8,15
2239,3,2024-01-27,Bartender,8,12
2240,3,2024-01-27,Server,10,11
2241,3,2024-01-27,Chef,7,15
2242,3,2024-01-28,Bartender,8,12
2243,3,2024-01-28,Server,10,11
2244,3,2024-01-28,Chef,7,15
2245,3,2024-01-29,Bartender,4,12
2246,3,2024-01-29,Server,8,11
2247,3,2024-01-29,Chef,10,15
2248,3,2024-01-30,Bartender,7,12
2249,3,2024-01-30,Server,9,11
2250,3,2024-01-30,Chef,9,15
2251,3,2024-01-31,Bartender,8,12
2252,3,2024-01-31,Server,8,11
2253,3,2024-01-31,Chef,7,15
2254,3,2024-02-01,Bartender,6,12
2255,3,2024-02-01,Server,9,11
2256,3,2024-02-01,Chef,7,15
2257,3,2024-02-02,Bartender,6,12
2258,3,2024-02-02,Server,10,11
2259,3,2024-02-02,Chef,7,15
2260,3,2024-02-03,Bartender,8,12
2261,3,2024-02-03,Server,8,11
2262,3,2024-02-03,Chef,6,15
2263,3,2024-02-04,Bartender,5,12
2264,3,2024-02-04,Server,9,11
2265,3,2024-02-04,Chef,6,15
2266,3,2024-02-05,Bartender,6,12
2267,3,2024-02-05,Server,9,11
2268,3,2024-02-05,Chef,7,15
2269,3,2024-02-06,Bartender,7,12
2270,3,2024-02-06,Server,10,11
2271,3,2024-02-06,Chef,9,15
2272,3,2024-02-07,Bartender,6,12
2273,3,2024-02-07,Server,8,11
2274,3,2024-02-07,Chef,6,15
2275,3,2024-02-08,Bartender,6,12
2276,3,2024-02-08,Server,7,11
2277,3,2024-02-08,Chef,7,15
2278,3,2024-02-09,Bartender,4,12
2279,3,2024-02-09,Server,10,11
2280,3,2024-02-09,Chef,10,15
2281,3,2024-02-10,Bartender,6,12
2282,3,2024-02-10,Server,9,11
2283,3,2024-02-10,Chef,10,15
2284,3,2024-02-11,Bartender,4,12
2285,3,2024-02-11,Server,8,11
2286,3,2024-02-11,Chef,6,15
2287,3,2024-02-12,Bartender,6,12
2288,3,2024-02-12,Server,6,11
2289,3,2024-02-12,Chef,6,15
2290,3,2024-02-13,Bartender,7,12
2291,3,2024-02-13,Server,8,11
2292,3,2024-02-13,Chef,10,15
2293,3,2024-02-14,Bartender,8,12
2294,3,2024-02-14,Server,7,11
2295,3,2024-02-14,Chef,7,15
2296,3,2024-02-15,Bartender,6,12
2297,3,2024-02-15,Server,6,11
2298,3,2024-02-15,Chef,9,15
2299,3,2024-02-16,Bartender,4,12
2300,3,2024-02-16,Server,10,11
2301,3,2024-02-16,Chef,8,15
2302,3,2024-02-17,Bartender,4,12
2303,3,2024-02-17,Server,8,11
2304,3,2024-02-17,Chef,6,15
2305,3,2024-02-18,Bartender,8,12
2306,3,2024-02-18,Server,9,11
2307,3,2024-02-18,Chef,9,15
2308,3,2024-02-19,Bartender,5,12
2309,3,2024-02-19,Server,8,11
2310,3,2024-02-19,Chef,9,15
2311,3,2024-02-20,Bartender,6,12
2312,3,2024-02-20,Server,8,11
2313,3,2024-02-20,Chef,9,15
2314,3,2024-02-21,Bartender,8,12
2315,3,2024-02-21,Server,7,11
2316,3,2024-02-21,Chef,9,15
2317,3,2024-02-22,Bartender,6,12
2318,3,2024-02-22,Server,10,11
2319,3,2024-02-22,Chef,8,15
2320,3,2024-02-23,Bartender,6,12
2321,3,2024-02-23,Server,10,11
2322,3,2024-02-23,Chef,7,15
2323,3,2024-02-24,Bartender,6,12
2324,3,2024-02-24,Server,9,11
2325,3,2024-02-24,Chef,8,15
2326,3,2024-02-25,Bartender,5,12
2327,3,2024-02-25,Server,7,11
2328,3,2024-02-25,Chef,10,15
2329,3,2024-02-26,Bartender,6,12
2330,3,2024-02-26,Server,6,11
2331,3,2024-02-26,Chef,6,15
2332,3,2024-02-27,Bartender,7,12
2333,3,2024-02-27,Server,10,11
2334,3,2024-02-27,Chef,7,15
2335,3,2024-02-28,Bartender,5,12
2336,3,2024-02-28,Server,9,11
2337,3,2024-02-28,Chef,8,15
2338,3,2024-02-29,Bartender,8,12
2339,3,2024-02-29,Server,9,11
2340,3,2024-02-29,Chef,9,15
2341,3,2024-03-01,Bartender,5,12
2342,3,2024-03-01,Server,7,11
2343,3,2024-03-01,Chef,8,15
2344,3,2024-03-02,Bartender,5,12
2345,3,2024-03-02,Server,6,11
2346,3,2024-03-02,Chef,10,15
2347,3,2024-03-03,Bartender,5,12
2348,3,2024-03-03,Server,8,11
2349,3,2024-03-03,Chef,10,15
2350,3,2024-03-04,Bartender,6,12
2351,3,2024-03-04,Server,6,11
2352,3,2024-03-04,Chef,6,15
2353,3,2024-03-05,Bartender,4,12
2354,3,2024-03-05,Server,6,11
2355,3,2024-03-05,Chef,9,15
2356,3,2024-03-06,Bartender,4,12
2357,3,2024-03-06,Server,7,11
2358,3,2024-03-06,Chef,10,15
2359,3,2024-03-07,Bartender,8,12
2360,3,2024-03-07,Server,10,11
2361,3,2024-03-07,Chef,8,15
2362,3,2024-03-08,Bartender,4,12
2363,3,2024-03-08,Server,7,11
2364,3,2024-03-08,Chef,8,15
2365,3,2024-03-09,Bartender,7,12
2366,3,2024-03-09,Server,9,11
2367,3,2024-03-09,Chef,9,15
2368,3,2024-03-10,Bartender,7,12
2369,3,2024-03-10,Server,7,11
2370,3,2024-03-10,Chef,8,15
2371,3,2024-03-11,Bartender,7,12
2372,3,2024-03-11,Server,6,11
2373,3,2024-03-11,Chef,6,15
2374,3,2024-03-12,Bartender,5,12
2375,3,2024-03-12,Server,7,11
2376,3,2024-03-12,Chef,6,15
2377,3,2024-03-13,Bartender,7,12
2378,3,2024-03-13,Server,6,11
2379,3,2024-03-13,Chef,7,15
2380,3,2024-03-14,Bartender,7,12
2381,3,2024-03-14,Server,7,11
2382,3,2024-03-14,Chef,6,15
2383,3,2024-03-15,Bartender,4,12
2384,3,2024-03-15,Server,8,11
2385,3,2024-03-15,Chef,8,15
2386,3,2024-03-16,Bartender,5,12
2387,3,2024-03-16,Server,9,11
2388,3,2024-03-16,Chef,10,15
2389,3,2024-03-17,Bartender,5,12
2390,3,2024-03-17,Server,7,11
2391,3,2024-03-17,Chef,7,15
2392,3,2024-03-18,Bartender,4,12
2393,3,2024-03-18,Server,8,11
2394,3,2024-03-18,Chef,10,15
2395,3,2024-03-19,Bartender,6,12
2396,3,2024-03-19,Server,8,11
2397,3,2024-03-19,Chef,8,15
2398,3,2024-03-20,Bartender,5,12
2399,3,2024-03-20,Server,7,11
2400,3,2024-03-20,Chef,8,15
2401,3,2024-03-21,Bartender,6,12
2402,3,2024-03-21,Server,6,11
2403,3,2024-03-21,Chef,10,15
2404,3,2024-03-22,Bartender,8,12
2405,3,2024-03-22,Server,6,11
2406,3,2024-03-22,Chef,7,15
2407,3,2024-03-23,Bartender,5,12
2408,3,2024-03-23,Server,8,11
2409,3,2024-03-23,Chef,6,15
2410,3,2024-03-24,Bartender,5,12
2411,3,2024-03-24,Server,7,11
2412,3,2024-03-24,Chef,6,15
2413,3,2024-03-25,Bartender,4,12
2414,3,2024-03-25,Server,10,11
2415,3,2024-03-25,Chef,9,15
2416,3,2024-03-26,Bartender,8,12
2417,3,2024-03-26,Server,10,11
2418,3,2024-03-26,Chef,7,15
2419,3,2024-03-27,Bartender,8,12
2420,3,2024-03-27,Server,6,11
2421,3,2024-03-27,Chef,10,15
2422,3,2024-03-28,Bartender,5,12
2423,3,2024-03-28,Server,8,11
2424,3,2024-03-28,Chef,10,15
2425,3,2024-03-29,Bartender,4,12
2426,3,2024-03-29,Server,10,11
2427,3,2024-03-29,Chef,8,15
2428,3,2024-03-30,Bartender,6,12
2429,3,2024-03-30,Server,10,11
2430,3,2024-03-30,Chef,8,15
2431,3,2024-03-31,Bartender,7,12
2432,3,2024-03-31,Server,7,11
2433,3,2024-03-31,Chef,9,15
2434,3,2024-04-01,Bartender,4,12
2435,3,2024-04-01,Server,6,11
2436,3,2024-04-01,Chef,10,15
2437,3,2024-04-02,Bartender,8,12
2438,3,2024-04-02,Server,8,11
2439,3,2024-04-02,Chef,7,15
2440,3,2024-04-03,Bartender,8,12
2441,3,2024-04-03,Server,7,11
2442,3,2024-04-03,Chef,8,15
2443,3,2024-04-04,Bartender,7,12
2444,3,2024-04-04,Server,9,11
2445,3,2024-04-04,Chef,6,15
2446,3,2024-04-05,Bartender,8,12
2447,3,2024-04-05,Server,6,11
2448,3,2024-04-05,Chef,10,15
2449,3,2024-04-06,Bartender,4,12
2450,3,2024-04-06,Server,10,11
2451,3,2024-04-06,Chef,7,15
2452,3,2024-04-07,Bartender,7,12
2453,3,2024-04-07,Server,8,11
2454,3,2024-04-07,Chef,6,15
2455,3,2024-04-08,Bartender,6,12
2456,3,2024-04-08,Server,7,11
2457,3,2024-04-08,Chef,8,15
2458,3,2024-04-09,Bartender,7,12
2459,3,2024-04-09,Server,8,11
2460,3,2024-04-09,Chef,9,15
2461,3,2024-04-10,Bartender,8,12
2462,3,2024-04-10,Server,8,11
2463,3,2024-04-10,Chef,7,15
2464,3,2024-04-11,Bartender,8,12
2465,3,2024-04-11,Server,7,11
2466,3,2024-04-11,Chef,6,15
2467,3,2024-04-12,Bartender,8,12
2468,3,2024-04-12,Server,10,11
2469,3,2024-04-12,Chef,6,15
2470,3,2024-04-13,Bartender,7,12
2471,3,2024-04-13,Server,6,11
2472,3,2024-04-13,Chef,10,15
2473,3,2024-04-14,Bartender,5,12
2474,3,2024-04-14,Server,10,11
2475,3,2024-04-14,Chef,10,15
2476,3,2024-04-15,Bartender,6,12
2477,3,2024-04-15,Server,7,11
2478,3,2024-04-15,Chef,6,15
2479,3,2024-04-16,Bartender,8,12
2480,3,2024-04-16,Server,10,11
2481,3,2024-04-16,Chef,6,15
2482,3,2024-04-17,Bartender,4,12
2483,3,2024-04-17,Server,6,11
2484,3,2024-04-17,Chef,9,15
2485,3,2024-04-18,Bartender,7,12
2486,3,2024-04-18,Server,6,11
2487,3,2024-04-18,Chef,6,15
2488,3,2024-04-19,Bartender,5,12
2489,3,2024-04-19,Server,10,11
2490,3,2024-04-19,Chef,6,15
2491,3,2024-04-20,Bartender,8,12
2492,3,2024-04-20,Server,7,11
2493,3,2024-04-20,Chef,9,15
2494,3,2024-04-21,Bartender,6,12
2495,3,2024-04-21,Server,7,11
2496,3,2024-04-21,Chef,8,15
2497,3,2024-04-22,Bartender,4,12
2498,3,2024-04-22,Server,8,11
2499,3,2024-04-22,Chef,9,15
2500,3,2024-04-23,Bartender,5,12
2501,3,2024-04-23,Server,7,11
2502,3,2024-04-23,Chef,10,15
2503,3,2024-04-24,Bartender,4,12
2504,3,2024-04-24,Server,6,11
2505,3,2024-04-24,Chef,8,15
2506,3,2024-04-25,Bartender,7,12
2507,3,2024-04-25,Server,10,11
2508,3,2024-04-25,Chef,8,15
2509,3,2024-04-26,Bartender,6,12
2510,3,2024-04-26,Server,7,11
2511,3,2024-04-26,Chef,8,15
2512,3,2024-04-27,Bartender,5,12
2513,3,2024-04-27,Server,9,11
2514,3,2024-04-27,Chef,9,15
2515,3,2024-04-28,Bartender,5,12
2516,3,2024-04-28,Server,9,11
2517,3,2024-04-28,Chef,7,15
2518,3,2024-04-29,Bartender,5,12
2519,3,2024-04-29,Server,10,11
2520,3,2024-04-29,Chef,8,15
2521,3,2024-04-30,Bartender,8,12
2522,3,2024-04-30,Server,7,11
2523,3,2024-04-30,Chef,6,15
2524,3,2024-05-01,Bartender,5,12
2525,3,2024-05-01,Server,9,11
2526,3,2024-05-01,Chef,8,15
2527,3,2024-05-02,Bartender,6,12
2528,3,2024-05-02,Server,8,11
2529,3,2024-05-02,Chef,9,15
2530,3,2024-05-03,Bartender,8,12
2531,3,2024-05-03,Server,6,11
2532,3,2024-05-03,Chef,8,15
2533,3,2024-05-04,Bartender,6,12
2534,3,2024-05-04,Server,8,11
2535,3,2024-05-04,Chef,6,15
2536,3,2024-05-05,Bartender,4,12
2537,3,2024-05-05,Server,7,11
2538,3,2024-05-05,Chef,8,15
2539,3,2024-05-06,Bartender,4,12
2540,3,2024-05-06,Server,10,11
2541,3,2024-05-06,Chef,8,15
2542,3,2024-05-07,Bartender,7,12
2543,3,2024-05-07,Server,6,11
2544,3,2024-05-07,Chef,7,15
2545,3,2024-05-08,Bartender,4,12
2546,3,2024-05-08,Server,8,11
2547,3,2024-05-08,Chef,9,15
2548,3,2024-05-09,Bartender,7,12
2549,3,2024-05-09,Server,9,11
2550,3,2024-05-09,Chef,8,15
2551,3,2024-05-10,Bartender,7,12
2552,3,2024-05-10,Server,8,11
2553,3,2024-05-10,Chef,7,15
2554,3,2024-05-11,Bartender,5,12
2555,3,2024-05-11,Server,8,11
2556,3,2024-05-11,Chef,8,15
2557,3,2024-05-12,Bartender,5,12
2558,3,2024-05-12,Server,6,11
2559,3,2024-05-12,Chef,10,15
2560,3,2024-05-13,Bartender,7,12
2561,3,2024-05-13,Server,9,11
2562,3,2024-05-13,Chef,9,15
2563,3,2024-05-14,Bartender,4,12
2564,3,2024-05-14,Server,8,11
2565,3,2024-05-14,Chef,6,15
2566,3,2024-05-15,Bartender,6,12
2567,3,2024-05-15,Server,8,11
2568,3,2024-05-15,Chef,10,15
2569,3,2024-05-16,Bartender,5,12
2570,3,2024-05-16,Server,9,11
2571,3,2024-05-16,Chef,7,15
2572,3,2024-05-17,Bartender,6,12
2573,3,2024-05-17,Server,6,11
2574,3,2024-05-17,Chef,7,15
2575,3,2024-05-18,Bartender,5,12
2576,3,2024-05-18,Server,7,11
2577,3,2024-05-18,Chef,6,15
2578,3,2024-05-19,Bartender,8,12
2579,3,2024-05-19,Server,6,11
2580,3,2024-05-19,Chef,8,15
2581,3,2024-05-20,Bartender,4,12
2582,3,2024-05-20,Server,8,11
2583,3,2024-05-20,Chef,10,15
2584,3,2024-05-21,Bartender,7,12
2585,3,2024-05-21,Server,7,11
2586,3,2024-05-21,Chef,9,15
2587,3,2024-05-22,Bartender,8,12
2588,3,2024-05-22,Server,8,11
2589,3,2024-05-22,Chef,10,15
2590,3,2024-05-23,Bartender,8,12
2591,3,2024-05-23,Server,8,11
2592,3,2024-05-23,Chef,7,15
2593,3,2024-05-24,Bartender,8,12
2594,3,2024-05-24,Server,10,11
2595,3,2024-05-24,Chef,7,15
2596,3,2024-05-25,Bartender,4,12
2597,3,2024-05-25,Server,10,11
2598,3,2024-05-25,Chef,8,15
2599,3,2024-05-26,Bartender,6,12
2600,3,2024-05-26,Server,6,11
2601,3,2024-05-26,Chef,7,15
2602,3,2024-05-27,Bartender,5,12
2603,3,2024-05-27,Server,8,11
2604,3,2024-05-27,Chef,6,15
2605,3,2024-05-28,Bartender,7,12
2606,3,2024-05-28,Server,7,11
2607,3,2024-05-28,Chef,6,15
2608,3,2024-05-29,Bartender,6,12
2609,3,2024-05-29,Server,8,11
2610,3,2024-05-29,Chef,6,15
2611,3,2024-05-30,Bartender,5,12
2612,3,2024-05-30,Server,7,11
2613,3,2024-05-30,Chef,10,15
2614,3,2024-05-31,Bartender,7,12
2615,3,2024-05-31,Server,8,11
2616,3,2024-05-31,Chef,8,15
2617,3,2024-06-01,Bartender,8,12
2618,3,2024-06-01,Server,7,11
2619,3,2024-06-01,Chef,9,15
2620,3,2024-06-02,Bartender,6,12
2621,3,2024-06-02,Server,6,11
2622,3,2024-06-02,Chef,6,15
2623,3,2024-06-03,Bartender,5,12
2624,3,2024-06-03,Server,6,11
2625,3,2024-06-03,Chef,7,15
2626,3,2024-06-04,Bartender,7,12
2627,3,2024-06-04,Server,10,11
2628,3,2024-06-04,Chef,9,15
2629,3,2024-06-05,Bartender,6,12
2630,3,2024-06-05,Server,8,11
2631,3,2024-06-05,Chef,8,15
2632,3,2024-06-06,Bartender,4,12
2633,3,2024-06-06,Server,10,11
2634,3,2024-06-06,Chef,6,15
2635,3,2024-06-07,Bartender,7,12
2636,3,2024-06-07,Server,6,11
2637,3,2024-06-07,Chef,6,15
2638,3,2024-06-08,Bartender,6,12
2639,3,2024-06-08,Server,6,11
2640,3,2024-06-08,Chef,7,15
2641,3,2024-06-09,Bartender,5,12
2642,3,2024-06-09,Server,6,11
2643,3,2024-06-09,Chef,6,15
2644,3,2024-06-10,Bartender,6,12
2645,3,2024-06-10,Server,10,11
2646,3,2024-06-10,Chef,7,15
2647,3,2024-06-11,Bartender,5,12
2648,3,2024-06-11,Server,9,11
2649,3,2024-06-11,Chef,8,15
2650,3,2024-06-12,Bartender,4,12
2651,3,2024-06-12,Server,8,11
2652,3,2024-06-12,Chef,10,15
2653,3,2024-06-13,Bartender,4,12
2654,3,2024-06-13,Server,7,11
2655,3,2024-06-13,Chef,6,15
2656,3,2024-06-14,Bartender,4,12
2657,3,2024-06-14,Server,6,11
2658,3,2024-06-14,Chef,8,15
2659,3,2024-06-15,Bartender,5,12
2660,3,2024-06-15,Server,8,11
2661,3,2024-06-15,Chef,8,15
2662,3,2024-06-16,Bartender,5,12
2663,3,2024-06-16,Server,8,11
2664,3,2024-06-16,Chef,10,15
2665,3,2024-06-17,Bartender,4,12
2666,3,2024-06-17,Server,10,11
2667,3,2024-06-17,Chef,9,15
2668,3,2024-06-18,Bartender,6,12
2669,3,2024-06-18,Server,9,11
2670,3,2024-06-18,Chef,7,15
2671,3,2024-06-19,Bartender,7,12
2672,3,2024-06-19,Server,9,11
2673,3,2024-06-19,Chef,6,15
2674,3,2024-06-20,Bartender,7,12
2675,3,2024-06-20,Server,6,11
2676,3,2024-06-20,Chef,8,15
2677,3,2024-06-21,Bartender,7,12
2678,3,2024-06-21,Server,8,11
2679,3,2024-06-21,Chef,9,15
2680,3,2024-06-22,Bartender,4,12
2681,3,2024-06-22,Server,7,11
2682,3,2024-06-22,Chef,8,15
2683,3,2024-06-23,Bartender,7,12
2684,3,2024-06-23,Server,6,11
2685,3,2024-06-23,Chef,9,15
2686,3,2024-06-24,Bartender,5,12
2687,3,2024-06-24,Server,9,11
2688,3,2024-06-24,Chef,10,15
2689,3,2024-06-25,Bartender,5,12
2690,3,2024-06-25,Server,6,11
2691,3,2024-06-25,Chef,9,15
2692,3,2024-06-26,Bartender,4,12
2693,3,2024-06-26,Server,10,11
2694,3,2024-06-26,Chef,9,15
2695,3,2024-06-27,Bartender,8,12
2696,3,2024-06-27,Server,9,11
2697,3,2024-06-27,Chef,10,15
2698,3,2024-06-28,Bartender,7,12
2699,3,2024-06-28,Server,10,11
2700,3,2024-06-28,Chef,6,15
2701,3,2024-06-29,Bartender,7,12
2702,3,2024-06-29,Server,8,11
2703,3,2024-06-29,Chef,7,15
2704,3,2024-06-30,Bartender,7,12
2705,3,2024-06-30,Server,6,11
2706,3,2024-06-30,Chef,6,15
2707,3,2024-07-01,Bartender,7,12
2708,3,2024-07-01,Server,10,11
2709,3,2024-07-01,Chef,9,15
2710,3,2024-07-02,Bartender,8,12
2711,3,2024-07-02,Server,6,11
2712,3,2024-07-02,Chef,7,15
2713,3,2024-07-03,Bartender,7,12
2714,3,2024-07-03,Server,7,11
2715,3,2024-07-03,Chef,9,15
2716,3,2024-07-04,Bartender,8,12
2717,3,2024-07-04,Server,9,11
2718,3,2024-07-04,Chef,9,15
2719,3,2024-07-05,Bartender,5,12
2720,3,2024-07-05,Server,10,11
2721,3,2024-07-05,Chef,8,15
2722,3,2024-07-06,Bartender,4,12
2723,3,2024-07-06,Server,9,11
2724,3,2024-07-06,Chef,9,15
2725,3,2024-07-07,Bartender,6,12
2726,3,2024-07-07,Server,6,11
2727,3,2024-07-07,Chef,6,15
2728,3,2024-07-08,Bartender,4,12
2729,3,2024-07-08,Server,9,11
2730,3,2024-07-08,Chef,8,15
2731,3,2024-07-09,Bartender,6,12
2732,3,2024-07-09,Server,8,11
2733,3,2024-07-09,Chef,7,15
2734,3,2024-07-10,Bartender,6,12
2735,3,2024-07-10,Server,8,11
2736,3,2024-07-10,Chef,10,15
2737,3,2024-07-11,Bartender,7,12
2738,3,2024-07-11,Server,6,11
2739,3,2024-07-11,Chef,7,15
2740,3,2024-07-12,Bartender,6,12
2741,3,2024-07-12,Server,8,11
2742,3,2024-07-12,Chef,10,15
2743,3,2024-07-13,Bartender,7,12
2744,3,2024-07-13,Server,9,11
2745,3,2024-07-13,Chef,9,15
2746,3,2024-07-14,Bartender,6,12
2747,3,2024-07-14,Server,6,11
2748,3,2024-07-14,Chef,8,15
2749,3,2024-07-15,Bartender,7,12
2750,3,2024-07-15,Server,8,11
2751,3,2024-07-15,Chef,6,15
2752,3,2024-07-16,Bartender,5,12
2753,3,2024-07-16,Server,10,11
2754,3,2024-07-16,Chef,7,15
2755,3,2024-07-17,Bartender,6,12
2756,3,2024-07-17,Server,10,11
2757,3,2024-07-17,Chef,8,15
2758,3,2024-07-18,Bartender,8,12
2759,3,2024-07-18,Server,7,11
2760,3,2024-07-18,Chef,10,15
2761,3,2024-07-19,Bartender,6,12
2762,3,2024-07-19,Server,6,11
2763,3,2024-07-19,Chef,7,15
2764,3,2024-07-20,Bartender,4,12
2765,3,2024-07-20,Server,7,11
2766,3,2024-07-20,Chef,9,15
2767,3,2024-07-21,Bartender,4,12
2768,3,2024-07-21,Server,6,11
2769,3,2024-07-21,Chef,8,15
2770,3,2024-07-22,Bartender,8,12
2771,3,2024-07-22,Server,9,11
2772,3,2024-07-22,Chef,10,15
2773,3,2024-07-23,Bartender,8,12
2774,3,2024-07-23,Server,8,11
2775,3,2024-07-23,Chef,9,15
2776,3,2024-07-24,Bartender,6,12
2777,3,2024-07-24,Server,10,11
2778,3,2024-07-24,Chef,7,15
2779,3,2024-07-25,Bartender,8,12
2780,3,2024-07-25,Server,10,11
2781,3,2024-07-25,Chef,8,15
2782,3,2024-07-26,Bartender,8,12
2783,3,2024-07-26,Server,9,11
2784,3,2024-07-26,Chef,8,15
2785,3,2024-07-27,Bartender,7,12
2786,3,2024-07-27,Server,7,11
2787,3,2024-07-27,Chef,10,15
2788,3,2024-07-28,Bartender,8,12
2789,3,2024-07-28,Server,6,11
2790,3,2024-07-28,Chef,7,15
2791,3,2024-07-29,Bartender,5,12
2792,3,2024-07-29,Server,9,11
2793,3,2024-07-29,Chef,7,15
2794,3,2024-07-30,Bartender,7,12
2795,3,2024-07-30,Server,9,11
2796,3,2024-07-30,Chef,6,15
2797,3,2024-07-31,Bartender,7,12
2798,3,2024-07-31,Server,9,11
2799,3,2024-07-31,Chef,6,15
2800,3,2024-08-01,Bartender,4,12
2801,3,2024-08-01,Server,10,11
2802,3,2024-08-01,Chef,10,15
2803,3,2024-08-02,Bartender,4,12
2804,3,2024-08-02,Server,10,11
2805,3,2024-08-02,Chef,6,15
2806,3,2024-08-03,Bartender,5,12
2807,3,2024-08-03,Server,6,11
2808,3,2024-08-03,Chef,7,15
2809,3,2024-08-04,Bartender,5,12
2810,3,2024-08-04,Server,8,11
2811,3,2024-08-04,Chef,8,15
2812,3,2024-08-05,Bartender,7,12
2813,3,2024-08-05,Server,6,11
2814,3,2024-08-05,Chef,7,15
2815,3,2024-08-06,Bartender,6,12
2816,3,2024-08-06,Server,9,11
2817,3,2024-08-06,Chef,6,15
2818,3,2024-08-07,Bartender,6,12
2819,3,2024-08-07,Server,7,11
2820,3,2024-08-07,Chef,8,15
2821,3,2024-08-08,Bartender,5,12
2822,3,2024-08-08,Server,6,11
2823,3,2024-08-08,Chef,7,15
2824,3,2024-08-09,Bartender,5,12
2825,3,2024-08-09,Server,8,11
2826,3,2024-08-09,Chef,9,15
2827,3,2024-08-10,Bartender,6,12
2828,3,2024-08-10,Server,9,11
2829,3,2024-08-10,Chef,6,15
2830,3,2024-08-11,Bartender,8,12
2831,3,2024-08-11,Server,7,11
2832,3,2024-08-11,Chef,9,15
2833,3,2024-08-12,Bartender,8,12
2834,3,2024-08-12,Server,9,11
2835,3,2024-08-12,Chef,7,15
2836,3,2024-08-13,Bartender,8,12
2837,3,2024-08-13,Server,8,11
2838,3,2024-08-13,Chef,7,15
2839,3,2024-08-14,Bartender,8,12
2840,3,2024-08-14,Server,8,11
2841,3,2024-08-14,Chef,9,15
2842,3,2024-08-15,Bartender,7,12
2843,3,2024-08-15,Server,8,11
2844,3,2024-08-15,Chef,10,15
2845,3,2024-08-16,Bartender,6,12
2846,3,2024-08-16,Server,6,11
2847,3,2024-08-16,Chef,8,15
2848,3,2024-08-17,Bartender,4,12
2849,3,2024-08-17,Server,7,11
2850,3,2024-08-17,Chef,10,15
2851,3,2024-08-18,Bartender,5,12
2852,3,2024-08-18,Server,9,11
2853,3,2024-08-18,Chef,7,15
2854,3,2024-08-19,Bartender,4,12
2855,3,2024-08-19,Server,8,11
2856,3,2024-08-19,Chef,9,15
2857,3,2024-08-20,Bartender,8,12
2858,3,2024-08-20,Server,8,11
2859,3,2024-08-20,Chef,10,15
2860,3,2024-08-21,Bartender,7,12
2861,3,2024-08-21,Server,7,11
2862,3,2024-08-21,Chef,6,15
2863,3,2024-08-22,Bartender,7,12
2864,3,2024-08-22,Server,8,11
2865,3,2024-08-22,Chef,8,15
2866,3,2024-08-23,Bartender,7,12
2867,3,2024-08-23,Server,6,11
2868,3,2024-08-23,Chef,7,15
2869,3,2024-08-24,Bartender,7,12
2870,3,2024-08-24,Server,8,11
2871,3,2024-08-24,Chef,7,15
2872,3,2024-08-25,Bartender,7,12
2873,3,2024-08-25,Server,9,11
2874,3,2024-08-25,Chef,9,15
2875,3,2024-08-26,Bartender,8,12
2876,3,2024-08-26,Server,9,11
2877,3,2024-08-26,Chef,10,15
2878,3,2024-08-27,Bartender,4,12
2879,3,2024-08-27,Server,7,11
2880,3,2024-08-27,Chef,9,15
2881,3,2024-08-28,Bartender,5,12
2882,3,2024-08-28,Server,9,11
2883,3,2024-08-28,Chef,8,15
2884,3,2024-08-29,Bartender,6,12
2885,3,2024-08-29,Server,6,11
2886,3,2024-08-29,Chef,7,15
2887,3,2024-08-30,Bartender,8,12
2888,3,2024-08-30,Server,9,11
2889,3,2024-08-30,Chef,10,15
2890,3,2024-08-31,Bartender,8,12
2891,3,2024-08-31,Server,8,11
2892,3,2024-08-31,Chef,7,15
2893,3,2024-09-01,Bartender,8,12
2894,3,2024-09-01,Server,10,11
2895,3,2024-09-01,Chef,10,15
2896,3,2024-09-02,Bartender,5,12
2897,3,2024-09-02,Server,6,11
2898,3,2024-09-02,Chef,10,15
2899,3,2024-09-03,Bartender,4,12
2900,3,2024-09-03,Server,10,11
2901,3,2024-09-03,Chef,10,15
2902,3,2024-09-04,Bartender,6,12
2903,3,2024-09-04,Server,6,11
2904,3,2024-09-04,Chef,9,15
2905,3,2024-09-05,Bartender,4,12
2906,3,2024-09-05,Server,8,11
2907,3,2024-09-05,Chef,7,15
2908,3,2024-09-06,Bartender,6,12
2909,3,2024-09-06,Server,6,11
2910,3,2024-09-06,Chef,9,15
2911,3,2024-09-07,Bartender,6,12
2912,3,2024-09-07,Server,7,11
2913,3,2024-09-07,Chef,7,15
2914,3,2024-09-08,Bartender,4,12
2915,3,2024-09-08,Server,6,11
2916,3,2024-09-08,Chef,6,15
2917,3,2024-09-09,Bartender,7,12
2918,3,2024-09-09,Server,9,11
2919,3,2024-09-09,Chef,7,15
2920,3,2024-09-10,Bartender,4,12
2921,3,2024-09-10,Server,10,11
2922,3,2024-09-10,Chef,7,15
2923,3,2024-09-11,Bartender,5,12
2924,3,2024-09-11,Server,10,11
2925,3,2024-09-11,Chef,7,15
2926,3,2024-09-12,Bartender,5,12
2927,3,2024-09-12,Server,6,11
2928,3,2024-09-12,Chef,9,15
2929,3,2024-09-13,Bartender,8,12
2930,3,2024-09-13,Server,10,11
2931,3,2024-09-13,Chef,9,15
2932,3,2024-09-14,Bartender,6,12
2933,3,2024-09-14,Server,8,11
2934,3,2024-09-14,Chef,8,15
2935,3,2024-09-15,Bartender,8,12
2936,3,2024-09-15,Server,8,11
2937,3,2024-09-15,Chef,9,15
2938,3,2024-09-16,Bartender,5,12
2939,3,2024-09-16,Server,9,11
2940,3,2024-09-16,Chef,9,15
2941,3,2024-09-17,Bartender,5,12
2942,3,2024-09-17,Server,8,11
2943,3,2024-09-17,Chef,6,15
2944,3,2024-09-18,Bartender,5,12
2945,3,2024-09-18,Server,9,11
2946,3,2024-09-18,Chef,7,15
2947,3,2024-09-19,Bartender,8,12
2948,3,2024-09-19,Server,6,11
2949,3,2024-09-19,Chef,9,15
2950,3,2024-09-20,Bartender,4,12
2951,3,2024-09-20,Server,9,11
2952,3,2024-09-20,Chef,8,15
2953,3,2024-09-21,Bartender,7,12
2954,3,2024-09-21,Server,10,11
2955,3,2024-09-21,Chef,9,15
2956,3,2024-09-22,Bartender,5,12
2957,3,2024-09-22,Server,7,11
2958,3,2024-09-22,Chef,9,15
2959,3,2024-09-23,Bartender,5,12
2960,3,2024-09-23,Server,7,11
2961,3,2024-09-23,Chef,8,15
2962,3,2024-09-24,Bartender,6,12
2963,3,2024-09-24,Server,8,11
2964,3,2024-09-24,Chef,8,15
2965,3,2024-09-25,Bartender,6,12
2966,3,2024-09-25,Server,8,11
2967,3,2024-09-25,Chef,6,15
2968,3,2024-09-26,Bartender,8,12
2969,3,2024-09-26,Server,6,11
2970,3,2024-09-26,Chef,10,15
2971,3,2024-09-27,Bartender,6,12
2972,3,2024-09-27,Server,8,11
2973,3,2024-09-27,Chef,6,15
2974,3,2024-09-28,Bartender,4,12
2975,3,2024-09-28,Server,8,11
2976,3,2024-09-28,Chef,6,15
2977,3,2024-09-29,Bartender,7,12
2978,3,2024-09-29,Server,8,11
2979,3,2024-09-29,Chef,9,15
2980,3,2024-09-30,Bartender,7,12
2981,3,2024-09-30,Server,10,11
2982,3,2024-09-30,Chef,7,15
2983,3,2024-10-01,Bartender,8,12
2984,3,2024-10-01,Server,8,11
2985,3,2024-10-01,Chef,6,15
2986,3,2024-10-02,Bartender,5,12
2987,3,2024-10-02,Server,9,11
2988,3,2024-10-02,Chef,8,15
2989,3,2024-10-03,Bartender,7,12
2990,3,2024-10-03,Server,8,11
2991,3,2024-10-03,Chef,6,15
2992,3,2024-10-04,Bartender,8,12
2993,3,2024-10-04,Server,10,11
2994,3,2024-10-04,Chef,10,15
2995,3,2024-10-05,Bartender,6,12
2996,3,2024-10-05,Server,6,11
2997,3,2024-10-05,Chef,6,15
2998,3,2024-10-06,Bartender,4,12
2999,3,2024-10-06,Server,7,11
3000,3,2024-10-06,Chef,9,15
3001,3,2024-10-07,Bartender,4,12
3002,3,2024-10-07,Server,7,11
3003,3,2024-10-07,Chef,6,15
3004,3,2024-10-08,Bartender,5,12
3005,3,2024-10-08,Server,8,11
3006,3,2024-10-08,Chef,7,15
3007,3,2024-10-09,Bartender,4,12
3008,3,2024-10-09,Server,6,11
3009,3,2024-10-09,Chef,8,15
3010,3,2024-10-10,Bartender,6,12
3011,3,2024-10-10,Server,7,11
3012,3,2024-10-10,Chef,8,15
3013,3,2024-10-11,Bartender,8,12
3014,3,2024-10-11,Server,7,11
3015,3,2024-10-11,Chef,9,15
3016,3,2024-10-12,Bartender,7,12
3017,3,2024-10-12,Server,9,11
3018,3,2024-10-12,Chef,9,15
3019,3,2024-10-13,Bartender,6,12
3020,3,2024-10-13,Server,10,11
3021,3,2024-10-13,Chef,10,15
3022,3,2024-10-14,Bartender,8,12
3023,3,2024-10-14,Server,10,11
3024,3,2024-10-14,Chef,6,15
3025,3,2024-10-15,Bartender,5,12
3026,3,2024-10-15,Server,9,11
3027,3,2024-10-15,Chef,7,15
3028,3,2024-10-16,Bartender,7,12
3029,3,2024-10-16,Server,10,11
3030,3,2024-10-16,Chef,10,15
3031,3,2024-10-17,Bartender,5,12
3032,3,2024-10-17,Server,9,11
3033,3,2024-10-17,Chef,9,15
3034,3,2024-10-18,Bartender,6,12
3035,3,2024-10-18,Server,10,11
3036,3,2024-10-18,Chef,7,15
3037,3,2024-10-19,Bartender,5,12
3038,3,2024-10-19,Server,7,11
3039,3,2024-10-19,Chef,8,15
3040,3,2024-10-20,Bartender,6,12
3041,3,2024-10-20,Server,9,11
3042,3,2024-10-20,Chef,7,15
3043,3,2024-10-21,Bartender,8,12
3044,3,2024-10-21,Server,8,11
3045,3,2024-10-21,Chef,8,15
3046,3,2024-10-22,Bartender,6,12
3047,3,2024-10-22,Server,9,11
3048,3,2024-10-22,Chef,9,15
3049,3,2024-10-23,Bartender,4,12
3050,3,2024-10-23,Server,6,11
3051,3,2024-10-23,Chef,10,15
3052,3,2024-10-24,Bartender,5,12
3053,3,2024-10-24,Server,10,11
3054,3,2024-10-24,Chef,9,15
3055,3,2024-10-25,Bartender,5,12
3056,3,2024-10-25,Server,7,11
3057,3,2024-10-25,Chef,8,15
3058,3,2024-10-26,Bartender,6,12
3059,3,2024-10-26,Server,6,11
3060,3,2024-10-26,Chef,6,15
3061,3,2024-10-27,Bartender,7,12
3062,3,2024-10-27,Server,9,11
3063,3,2024-10-27,Chef,6,15
3064,3,2024-10-28,Bartender,6,12
3065,3,2024-10-28,Server,8,11
3066,3,2024-10-28,Chef,10,15
3067,3,2024-10-29,Bartender,5,12
3068,3,2024-10-29,Server,9,11
3069,3,2024-10-29,Chef,9,15
3070,3,2024-10-30,Bartender,6,12
3071,3,2024-10-30,Server,9,11
3072,3,2024-10-30,Chef,8,15
3073,3,2024-10-31,Bartender,7,12
3074,3,2024-10-31,Server,9,11
3075,3,2024-10-31,Chef,6,15
3076,3,2024-11-01,Bartender,8,12
3077,3,2024-11-01,Server,8,11
3078,3,2024-11-01,Chef,9,15
3079,3,2024-11-02,Bartender,7,12
3080,3,2024-11-02,Server,9,11
3081,3,2024-11-02,Chef,10,15
3082,3,2024-11-03,Bartender,8,12
3083,3,2024-11-03,Server,9,11
3084,3,2024-11-03,Chef,9,15
3085,3,2024-11-04,Bartender,8,12
3086,3,2024-11-04,Server,7,11
3087,3,2024-11-04,Chef,7,15
3088,3,2024-11-05,Bartender,5,12
3089,3,2024-11-05,Server,8,11
3090,3,2024-11-05,Chef,10,15
3091,3,2024-11-06,Bartender,5,12
3092,3,2024-11-06,Server,7,11
3093,3,2024-11-06,Chef,6,15
3094,3,2024-11-07,Bartender,7,12
3095,3,2024-11-07,Server,7,11
3096,3,2024-11-07,Chef,8,15
3097,3,2024-11-08,Bartender,5,12
3098,3,2024-11-08,Server,10,11
3099,3,2024-11-08,Chef,9,15
3100,3,2024-11-09,Bartender,4,12
3101,3,2024-11-09,Server,6,11
3102,3,2024-11-09,Chef,7,15
3103,3,2024-11-10,Bartender,7,12
3104,3,2024-11-10,Server,10,11
3105,3,2024-11-10,Chef,10,15
3106,3,2024-11-11,Bartender,6,12
3107,3,2024-11-11,Server,10,11
3108,3,2024-11-11,Chef,6,15
3109,3,2024-11-12,Bartender,5,12
3110,3,2024-11-12,Server,9,11
3111,3,2024-11-12,Chef,9,15
3112,3,2024-11-13,Bartender,8,12
3113,3,2024-11-13,Server,8,11
3114,3,2024-11-13,Chef,9,15
3115,3,2024-11-14,Bartender,7,12
3116,3,2024-11-14,Server,7,11
3117,3,2024-11-14,Chef,8,15
3118,3,2024-11-15,Bartender,4,12
3119,3,2024-11-15,Server,10,11
3120,3,2024-11-15,Chef,6,15
3121,3,2024-11-16,Bartender,4,12
3122,3,2024-11-16,Server,6,11
3123,3,2024-11-16,Chef,10,15
3124,3,2024-11-17,Bartender,6,12
3125,3,2024-11-17,Server,8,11
3126,3,2024-11-17,Chef,10,15
3127,3,2024-11-18,Bartender,7,12
3128,3,2024-11-18,Server,8,11
3129,3,2024-11-18,Chef,10,15
3130,3,2024-11-19,Bartender,7,12
3131,3,2024-11-19,Server,9,11
3132,3,2024-11-19,Chef,6,15
3133,3,2024-11-20,Bartender,7,12
3134,3,2024-11-20,Server,7,11
3135,3,2024-11-20,Chef,8,15
3136,3,2024-11-21,Bartender,7,12
3137,3,2024-11-21,Server,10,11
3138,3,2024-11-21,Chef,10,15
3139,3,2024-11-22,Bartender,4,12
3140,3,2024-11-22,Server,9,11
3141,3,2024-11-22,Chef,6,15
3142,3,2024-11-23,Bartender,6,12
3143,3,2024-11-23,Server,8,11
3144,3,2024-11-23,Chef,10,15
3145,3,2024-11-24,Bartender,6,12
3146,3,2024-11-24,Server,10,11
3147,3,2024-11-24,Chef,9,15
3148,3,2024-11-25,Bartender,5,12
3149,3,2024-11-25,Server,8,11
3150,3,2024-11-25,Chef,10,15
3151,3,2024-11-26,Bartender,5,12
3152,3,2024-11-26,Server,10,11
3153,3,2024-11-26,Chef,10,15
3154,3,2024-11-27,Bartender,4,12
3155,3,2024-11-27,Server,6,11
3156,3,2024-11-27,Chef,7,15
3157,3,2024-11-28,Bartender,8,12
3158,3,2024-11-28,Server,8,11
3159,3,2024-11-28,Chef,7,15
3160,3,2024-11-29,Bartender,8,12
3161,3,2024-11-29,Server,8,11
3162,3,2024-11-29,Chef,6,15
3163,3,2024-11-30,Bartender,4,12
3164,3,2024-11-30,Server,6,11
3165,3,2024-11-30,Chef,7,15
3166,3,2024-12-01,Bartender,5,12
3167,3,2024-12-01,Server,7,11
3168,3,2024-12-01,Chef,9,15
3169,3,2024-12-02,Bartender,4,12
3170,3,2024-12-02,Server,10,11
3171,3,2024-12-02,Chef,6,15
3172,3,2024-12-03,Bartender,5,12
3173,3,2024-12-03,Server,10,11
3174,3,2024-12-03,Chef,9,15
3175,3,2024-12-04,Bartender,6,12
3176,3,2024-12-04,Server,8,11
3177,3,2024-12-04,Chef,9,15
3178,3,2024-12-05,Bartender,5,12
3179,3,2024-12-05,Server,6,11
3180,3,2024-12-05,Chef,8,15
3181,3,2024-12-06,Bartender,7,12
3182,3,2024-12-06,Server,8,11
3183,3,2024-12-06,Chef,7,15
3184,3,2024-12-07,Bartender,5,12
3185,3,2024-12-07,Server,7,11
3186,3,2024-12-07,Chef,9,15
3187,3,2024-12-08,Bartender,7,12
3188,3,2024-12-08,Server,7,11
3189,3,2024-12-08,Chef,7,15
3190,3,2024-12-09,Bartender,6,12
3191,3,2024-12-09,Server,8,11
3192,3,2024-12-09,Chef,9,15
3193,3,2024-12-10,Bartender,5,12
3194,3,2024-12-10,Server,9,11
3195,3,2024-12-10,Chef,9,15
3196,3,2024-12-11,Bartender,4,12
3197,3,2024-12-11,Server,8,11
3198,3,2024-12-11,Chef,10,15
3199,3,2024-12-12,Bartender,5,12
3200,3,2024-12-12,Server,6,11
3201,3,2024-12-12,Chef,9,15
3202,3,2024-12-13,Bartender,5,12
3203,3,2024-12-13,Server,7,11
3204,3,2024-12-13,Chef,6,15
3205,3,2024-12-14,Bartender,8,12
3206,3,2024-12-14,Server,8,11
3207,3,2024-12-14,Chef,9,15
3208,3,2024-12-15,Bartender,7,12
3209,3,2024-12-15,Server,8,11
3210,3,2024-12-15,Chef,8,15
3211,3,2024-12-16,Bartender,5,12
3212,3,2024-12-16,Server,6,11
3213,3,2024-12-16,Chef,6,15
3214,3,2024-12-17,Bartender,4,12
3215,3,2024-12-17,Server,10,11
3216,3,2024-12-17,Chef,10,15
3217,3,2024-12-18,Bartender,7,12
3218,3,2024-12-18,Server,7,11
3219,3,2024-12-18,Chef,8,15
3220,3,2024-12-19,Bartender,8,12
3221,3,2024-12-19,Server,6,11
3222,3,2024-12-19,Chef,7,15
3223,3,2024-12-20,Bartender,4,12
3224,3,2024-12-20,Server,6,11
3225,3,2024-12-20,Chef,7,15
3226,3,2024-12-21,Bartender,8,12
3227,3,2024-12-21,Server,6,11
3228,3,2024-12-21,Chef,7,15
3229,3,2024-12-22,Bartender,4,12
3230,3,2024-12-22,Server,7,11
3231,3,2024-12-22,Chef,6,15
3232,3,2024-12-23,Bartender,4,12
3233,3,2024-12-23,Server,9,11
3234,3,2024-12-23,Chef,9,15
3235,3,2024-12-24,Bartender,8,12
3236,3,2024-12-24,Server,10,11
3237,3,2024-12-24,Chef,6,15
3238,3,2024-12-25,Bartender,8,12
3239,3,2024-12-25,Server,10,11
3240,3,2024-12-25,Chef,10,15
